Código;Nombre;Fecha Inicio;Fecha Vencimiento;Fecha Finalización;Código cliente;Cliente;Estado;Código tipo;Tipo;Responsable;Delegación;Teléfono;Mail;Idioma;Se puede contactar o no
P21S/05792;ADIDAS - PORTUGAL - Norteshopping, Loja 0.403, Rua Sara Afonso, Nº 105-117 - 3501;25/10/2021;;;1;ADIDAS PORTUGAL - ARTIGOS DE DESPORTO, LDA;Abierto;TP1;General;Fran Ullod - Optima Retail;Intracomunitaria;229518381;pt_adidas_spcs_norteshopping@adidas.com;PT;SI
P21S/05794;ADIDAS - PORTUGAL,  Lisboa - Estadio da Luz, Avenida General Norton de Matos - 3511;25/10/2021;;;1;ADIDAS PORTUGAL - ARTIGOS DE DESPORTO, LDA;Abierto;TP1;General;Fran Ullod - Optima Retail;Intracomunitaria;217151380;pt_adidas_spvs_lisboa_loja@adidas.com;PT;SI
P21S/05796;ADIDAS - PORTUGAL,  Modivas  - Vila do Conde - Porto Fashion Outlet - Loja 119-121, Av. Fonte Cova, Nº 400 - 3552;25/10/2021;;;1;ADIDAS PORTUGAL - ARTIGOS DE DESPORTO, LDA;Abierto;TP1;General;Fran Ullod - Optima Retail;Intracomunitaria;229260882;pt_adidas_mbfo_modivas@adidas.com;PT;SI
P21S/05793;ADIDAS - PORTUGAL, Afurada - Arrabida Shopping, Loja 453, Praceta Henrique Moreira, 244, Afurada - 3502;25/10/2021;;;1;ADIDAS PORTUGAL - ARTIGOS DE DESPORTO, LDA;Abierto;TP1;General;Fran Ullod - Optima Retail;Intracomunitaria;223716672;pt_adidas_socs_arrabida@adidas.com;PT;SI
P19/00760;DESIGUAL - ESP VLDID RIO SHOPPING (R680);17/10/2019;;;2;Sepalememe, S.L.U. (DESIGUAL ESPAÑA);Abierto;TP1;General;Fran Ullod - Optima Retail;Principal;983 326 116;680rioshopping@desigual.com;ESP;SI
P18/00217;DESIGUAL - ESP, LPALM ARENAS - R603;23/05/2018;;;2;NTS IT'S NOT THE SAME CANARY (DESIGUAL CANARIAS);Abierto;TP1;General;Fran Ullod - Optima Retail;Principal;928 473 067;603lasarenas@desigual.com;ESP;SI
P20/00306;PANDORA - SPAIN, ECI 025 Barcelona, Can Dragó, Paseo de Andreu Nin, 51 (P231);06/03/2020;;;3;PANDORA JEWELLERY SPAIN, S.L.;Abierto;TP1;General;Fran Ullod - Optima Retail;Principal;932439000;ecicandrago@pandora-spain.com;ESP;SI
P20/00305;PANDORA - SPAIN, ECI 025 Camponaciones, Madrid, Av. de los Andes, 50 (P230);06/03/2020;;;3;PANDORA JEWELLERY SPAIN, S.L.;Abierto;TP1;General;Fran Ullod - Optima Retail;Principal;913248800;ecicampodelasnaciones@pandora-spain.com;ESP;SI
P20/00309;PANDORA - SPAIN, ECI 025 Constitución, Valladolid, C/ Constitución, 2 (P234);06/03/2020;;;3;PANDORA JEWELLERY SPAIN, S.L.;Abierto;TP1;General;Fran Ullod - Optima Retail;Principal;983231500;eciconstitucion@pandora-spain.com;ESP;SI
P20/00312;PANDORA - SPAIN, ECI 025 Costa Mijas, Mijas, CN 340, Km 210 (P237);06/03/2020;;;3;PANDORA JEWELLERY SPAIN, S.L.;Abierto;TP1;General;Fran Ullod - Optima Retail;Principal;952669100;ecicostamijas@pandora-spain.com;ESP;SI
P20/00319;PANDORA - SPAIN, ECI 025 Francesc Macià, Av. Diagonal, 471 (P243);06/03/2020;;;4;PANDORA JEWELLERY SPAIN, S.L.;Abierto;TP1;General;Fran Ullod - Optima Retail;Principal;934934800;ecifrancescmacia@pandora-spain.com;ESP;SI
P20/00335;PANDORA - SPAIN, ECI 025 Marineda, A Coruña, P.I. de la Grela, Estrada Baños de Arteixo, s/n (P437);09/03/2020;;;4;PANDORA JEWELLERY SPAIN, S.L.;Abierto;TP1;General;Fran Ullod - Optima Retail;Principal;981189350;ecimarineda@pandora-spain.com;ESP;SI
P20/00336;PANDORA - SPAIN, ECI 025 Mendez Alvaro, Madrid, Retama, 8 (P438);09/03/2020;;;4;PANDORA JEWELLERY SPAIN, S.L.;Abierto;TP1;General;Fran Ullod - Optima Retail;Principal;914688000;ecimendezalvaro@pandora-spain.com;ESP;SI
P20/00339;PANDORA - SPAIN, ECI 025 Parque Burgos, Burgos, Ctra. Madrid-Irun Km 236 (P440);09/03/2020;;;4;PANDORA JEWELLERY SPAIN, S.L.;Abierto;TP1;General;Fran Ullod - Optima Retail;Principal;947279000;JefeDivision02HipercorBurgos@elcorteingles.es;ESP;SI
P20/00340;PANDORA - SPAIN, ECI 025 Parque Sur, Leganés, Av. Gran Bretaña s/n (P441);09/03/2020;;;4;PANDORA JEWELLERY SPAIN, S.L.;Abierto;TP1;General;Fran Ullod - Optima Retail;Principal;915584400;eciparquesur@pandora-spain.com;ESP;SI
P20/00341;PANDORA - SPAIN, ECI 025 Portal Del Angel, Barcelona, Av. Portal de L'Angel, 19 (P442);09/03/2020;;;5;PANDORA JEWELLERY SPAIN, S.L.;Abierto;TP1;General;Fran Ullod - Optima Retail;Principal;933063800;eciportaldelangel@pandora-spain.com;ESP;SI
P20/00344;PANDORA - SPAIN, ECI 025 Puerto Venecia, Zaragoza, Av. Isla de Murano, 15 (P445);09/03/2020;;;5;PANDORA JEWELLERY SPAIN, S.L.;Abierto;TP1;General;Fran Ullod - Optima Retail;Principal;976188035;ecipuertovenecia@pandora-spain.com;ESP;SI
P20/00295;PANDORA - SPAIN, ECI 025, A Coruña, C/ Ramón y Cajal, 57-59 (P220);06/03/2020;;;5;PANDORA JEWELLERY SPAIN, S.L.;Abierto;TP1;General;Fran Ullod - Optima Retail;Principal;981189400;eciacoruna@pandora-spain.com;ESP;SI
P20/00296;PANDORA - SPAIN, ECI 025, Albacete, Av. de España, 30 (P221);06/03/2020;;;5;PANDORA JEWELLERY SPAIN, S.L.;Abierto;TP1;General;Fran Ullod - Optima Retail;Principal;967198400;ecialbacete2@pandora-spain.com;ESP;SI
P20/00299;PANDORA - SPAIN, ECI 025, Arroyomolinos, Paseo de Extremadura Km 23 (P224);06/03/2020;;;6;PANDORA JEWELLERY SPAIN, S.L.;Abierto;TP1;General;Fran Ullod - Optima Retail;Principal;916496535;eciarroyomolinos@pandora-spain.com;ESP;SI
P20/00300;PANDORA - SPAIN, ECI 025, Avilés, Ctra. de Grado, s/n (P225);06/03/2020;;;7;PANDORA JEWELLERY SPAIN, S.L.;Abierto;TP1;General;Fran Ullod - Optima Retail;Principal;985129400;eciaviles@pandora-spain.com;ESP;SI
P20/00301;PANDORA - SPAIN, ECI 025, Badajoz, Pza. de los Conquistadores, s/n (P226);06/03/2020;;;8;PANDORA JEWELLERY SPAIN, S.L.;Abierto;TP1;General;Fran Ullod - Optima Retail;Principal;924213300;ecibadajoz@pandora-spain.com;ESP;SI
P20/00304;PANDORA - SPAIN, ECI 025, Burgos, C/ La Moneda, 9 (P229);06/03/2020;;;1;PANDORA JEWELLERY SPAIN, S.L.;Abierto;TP1;General;Fran Ullod - Optima Retail;Principal;947256770;jefedivision02eciburgos@elcorteingles.es;ESP;SI
P20/00313;PANDORA - SPAIN, ECI 025, Eibar, Ego Gain, 7 (P238);06/03/2020;;;2;PANDORA JEWELLERY SPAIN, S.L.;Abierto;TP1;General;Fran Ullod - Optima Retail;Principal;943708800;;ESP;SI
P20/00317;PANDORA - SPAIN, ECI 025, El Tiro, Av. Severo ochoa, s/n (P242);06/03/2020;;;3;PANDORA JEWELLERY SPAIN, S.L.;Abierto;TP1;General;Fran Ullod - Optima Retail;Principal;968279120;resparea04_eltiro@elcorteingles.es;ESP;SI
P20/00320;PANDORA - SPAIN, ECI 025, Girona, C/ Barcelona, 106-110 (P244);06/03/2020;;;5;PANDORA JEWELLERY SPAIN, S.L.;Abierto;TP1;General;Fran Ullod - Optima Retail;Principal;972188400;ecigerona@pandora-spain.com;ESP;SI
P20/00328;PANDORA - SPAIN, ECI 025, Guadalajara, AV. Eduardo Guitán, s/n  (P247);09/03/2020;;;9;PANDORA JEWELLERY SPAIN, S.L.;Abierto;TP1;General;Fran Ullod - Optima Retail;Principal;949349950;eciguadalajara@pandora-spain.com;ESP;SI
P20/00333;PANDORA - SPAIN, ECI 025, León, C/ Fray Luis de León, 29 (P435);09/03/2020;;;10;PANDORA JEWELLERY SPAIN, S.L.;Abierto;TP1;General;Fran Ullod - Optima Retail;Principal;987263100;ecileon@pandora-spain.com;ESP;SI
P20/00334;PANDORA - SPAIN, ECI 025, Linares, Plaza del Ayuntamiento s/n (P436);09/03/2020;;;10;PANDORA JEWELLERY SPAIN, S.L.;Abierto;TP1;General;Fran Ullod - Optima Retail;Principal;953648400;ecilinares@pandora-spain.com;ESP;SI
P20/00298;PANDORA - SPAIN, ECI 025, Madrid, C/ Arapiles, 10 (P223);06/03/2020;;;5;PANDORA JEWELLERY SPAIN, S.L.;Abierto;TP1;General;Fran Ullod - Optima Retail;Principal;914546006;resparea04_arapiles@elcorteingles.es;ESP;SI
P20/00332;PANDORA - SPAIN, ECI 025, Madrid, Ginzo de Lima, s/n (P434);09/03/2020;;;7;PANDORA JEWELLERY SPAIN, S.L.;Abierto;TP1;General;Fran Ullod - Optima Retail;Principal;913874000;ecivaguada@pandora-spain.com;ESP;SI
P20/00330;PANDORA - SPAIN, ECI 025, Palma de Mallorca, Av. de Jaime III, 115 (P249);09/03/2020;;;8;PANDORA JEWELLERY SPAIN, S.L.;Abierto;TP1;General;Fran Ullod - Optima Retail;Principal;971770177;;ESP;SI
P20/00338;PANDORA - SPAIN, ECI 025, Pamplona, C/ Estella, 9 (P439);09/03/2020;;;6;PANDORA JEWELLERY SPAIN, S.L.;Abierto;TP1;General;Fran Ullod - Optima Retail;Principal;948202000;ecipamplona@pandora-spain.com;ESP;SI
P20/00346;PANDORA - SPAIN, ECI 025, Salamanca, C/ Maria Auxiliadora, 71-85 (P447);09/03/2020;;;1;PANDORA JEWELLERY SPAIN, S.L.;Abierto;TP1;General;Fran Ullod - Optima Retail;Principal;923285550;ecisalamanca@pandora-spain.com;ESP;SI
P20/00348;PANDORA - SPAIN, ECI 025, Santiago de Compostela, Rua do Restollal, 50 (P449);09/03/2020;;;2;PANDORA JEWELLERY SPAIN, S.L.;Abierto;TP1;General;Fran Ullod - Optima Retail;Principal;981527200;ecisantiago@pandora-spain.com;ESP;SI
P20/00351;PANDORA - SPAIN, ECI 025, Tarragona, Rambla President Lluís Companys, 7 (P502);09/03/2020;;;3;PANDORA JEWELLERY SPAIN, S.L.;Abierto;TP1;General;Fran Ullod - Optima Retail;Principal;977297300;ecitarragona@pandora-spain.com;ESP;SI
P20/00354;PANDORA - SPAIN, ECI 025, Valladolid, Pº de Zorrilla, 130-132 (P505);09/03/2020;;;5;PANDORA JEWELLERY SPAIN, S.L.;Abierto;TP1;General;Fran Ullod - Optima Retail;Principal;983231500;ecivalladolid@pandora-spain.com;ESP;SI
P20/00355;PANDORA - SPAIN, ECI 025, Vigo, Av. da Gran Vía (P506);09/03/2020;;;6;PANDORA JEWELLERY SPAIN, S.L.;Abierto;TP1;General;Fran Ullod - Optima Retail;Principal;986415111;ecivigo@pandora-spain.com;ESP;SI
P20/00356;PANDORA - SPAIN, ECI 025, Vitoria, Bake Kalea, 2 (P507);09/03/2020;;;7;PANDORA JEWELLERY SPAIN, S.L.;Abierto;TP1;General;Fran Ullod - Optima Retail;Principal;945266333;ecivitoria@pandora-spain.com;ESP;SI
P20/00358;PANDORA - SPAIN, ECI 025, Zaragoza, Ps de Sagasta, 3 (P509);09/03/2020;;;8;PANDORA JEWELLERY SPAIN, S.L.;Abierto;TP1;General;Fran Ullod - Optima Retail;Principal;976211121;ecizaragoza@pandora-spain.com;ESP;SI
P21S/05344;PARFOIS - SPAIN - Barakaldo, CC Megapark Outlet Barakaldo, Av. de la Ribera, s/n (12603);17/09/2021;;;9; PARFOIS - Dismoda -comercio Y Distribucion Sl  ;Abierto;TP1;General;Eduardo Conde - Optima Retail (EQ7);Principal;646933088;12603@stores.parfois.com, manager.12603@stores.parfois.com;ESP;SI
P21S/05279;PARFOIS - SPAIN - Ceuta. CC Parque Ceuta, Av. Teniente General Muslera (PF166613);27/08/2021;;;10; PARFOIS - Dismoda -comercio Y Distribucion Sl  ;Abierto;TP1;General;Fran Ullod - Optima Retail;Principal;687902357;16613@stores.parfois.com, manager.16613@stores.parfois.com;ESP;SI
P21S/05431;PARFOIS - SPAIN - Córdoba, Plaza. Nueva, 19, Lucena (3103);05/10/2021;;;10; PARFOIS - Dismoda -comercio Y Distribucion Sl  ;Abierto;TP1;General;Victor Ballester - Optima Retail (EQ5);Principal;606116544;3103@stores.parfois.com, manager.3103@stores.parfois.com;ESP;SI
P21S/05305;PARFOIS - SPAIN - Huesca, Huesca, C/ Coso Bajo, 11 (3200);07/09/2021;;;10; PARFOIS - Dismoda -comercio Y Distribucion Sl  ;Abierto;TP1;General;Fran Ullod - Optima Retail;Principal;620954402;3200@stores.parfois.com, manager.3200@stores.parfois.com;ESP;SI
P21S/05425;PARFOIS - SPAIN - Las Palmas, Aeropuerto Gran Canaria, Autopista General del Sur C-1 (13801);30/09/2021;;;10; PARFOIS - Dismoda -comercio Y Distribucion Sl  ;Abierto;TP1;General;Ariadna Toquero - Optima Retail (EQ7);Principal;636405972;13801@stores.parfois.com, manager.13801@stores.parfois.com;ESP;SI
P21S/05198;PARFOIS - SPAIN - Lasarte Oria, San Sebastián CC Urbil, C/Txiki-Erdi , 7 (1873) ;13/08/2021;;;10; PARFOIS - Dismoda -comercio Y Distribucion Sl  ;Abierto;TP1;General;Fran Ullod - Optima Retail;Principal;606900947;1873@stores.parfois.com, manager.1873@stores.parfois.com;ESP;SI
P21S/05430;PARFOIS - SPAIN - Madrid, CC Loranca, Av. de Pablo Iglesias,17 (1908);04/10/2021;;;10; PARFOIS - Dismoda -comercio Y Distribucion Sl  ;Abierto;TP1;General;Ariadna Toquero - Optima Retail (EQ7);Principal;636192344;1908@stores.parfois.com, manager.1908@stores.parfois.com;ESP;SI
P21S/05339;PARFOIS - SPAIN - Sevilla, CC Lagoh, Av. De Palmas Altas, s/n (16578);16/09/2021;;;10; PARFOIS - Dismoda -comercio Y Distribucion Sl  ;Abierto;TP1;General;Ariadna Toquero - Optima Retail (EQ7);Principal;637422990;16578@stores.parfois.com, manager.16578@stores.parfois.com;ESP;SI
P21S/05304;PARFOIS - SPAIN - Valencia, CC L' Epicentre, Av. Abogado Fausto Caruana s/n (3501);06/09/2021;;;10; PARFOIS - Dismoda -comercio Y Distribucion Sl  ;Abierto;TP1;General;Fran Ullod - Optima Retail;Principal;639457392;3501@stores.parfois.com, manager.3501@stores.parfois.com;ESP;SI
P21S/05844;PARFOIS - SPAIN , Bilbao, C/ Barrio Kareaga s/n - 1889;26/10/2021;;;10; PARFOIS - Dismoda -comercio Y Distribucion Sl  ;Abierto;TP1;General;Fran Ullod - Optima Retail;Principal;618172850;1889@stores.parfois.com, manager.1889@stores.parfois.com;ESP;SI
P21S/05858;PARFOIS - SPAIN , Valencia, ECI Nuevo Centro, Av. de Pio XII, 2 (16549);26/10/2021;;;10; PARFOIS - Dismoda -comercio Y Distribucion Sl  ;Abierto;TP1;General;Fran Ullod - Optima Retail;Principal;646268915;16549@stores.parfois.com, manager.16549@stores.parfois.com;ESP;SI
P21S/05099;PARFOIS - SPAIN ,Madrid, Calle Orense, C/ Orense 4 (16277);12/08/2021;;;10; PARFOIS - Dismoda -comercio Y Distribucion Sl  ;Abierto;TP1;General;Fran Ullod - Optima Retail;Principal;637401344;16277@stores.parfois.com;ESP;SI
P21S/05286;PARFOIS - SPAIN,  Barcelona, Rambla, Rambla de Cataluña, 31 (1836);31/08/2021;;;10; PARFOIS - Dismoda -comercio Y Distribucion Sl  ;Abierto;TP1;General;Fran Ullod - Optima Retail;Principal;638490894;1836@stores.parfois.com, manager.1836@stores.parfois.com;ESP;SI
P21S/05424;PARFOIS - SPAIN,  CADIZ Las Dunas, Ctra. Del Puerto de Santa María  (1874);30/09/2021;;;10; PARFOIS - Dismoda -comercio Y Distribucion Sl  ;Abierto;TP1;General;Fran Ullod - Optima Retail;Principal;628229432;1874@stores.parfois.com, manager.1874@stores.parfois.com;ESP;SI
P21S/05810;PARFOIS - SPAIN, A Coruña, CC Coruña Factory, Nacional 550, km 9,5 (4700);25/10/2021;;;10; PARFOIS - Dismoda -comercio Y Distribucion Sl  ;Abierto;TP1;General;Fran Ullod - Optima Retail;Principal;"620578120
";"4700@stores.parfois.com,manager.4700@stores.parfois.com
";ESP;SI
P21S/05687;PARFOIS - SPAIN, A Coruña, ECI Cuatro Caminos, C/ Calle Ramon y Cajal, 57 - 59 (7100);22/10/2021;;;10; PARFOIS - Dismoda -comercio Y Distribucion Sl  ;Abierto;TP1;General;Fran Ullod - Optima Retail;Principal;"628941032

";"7100@stores.parfois.com, manager.7100@stores.parfois.com

";ESP;SI
P21S/05637;PARFOIS - SPAIN, A Coruña, ECI Santiago, C/ de Restollal, 50 (1882);22/10/2021;;;10; PARFOIS - Dismoda -comercio Y Distribucion Sl  ;Abierto;TP1;General;Fran Ullod - Optima Retail;Principal;"628153506
";"1882@stores.parfois.com, manager.1882@stores.parfois.com

";ESP;SI
P21S/05257;PARFOIS - SPAIN, A Coruña, Santiago Comp. Teixeiro, C/ Doctor Teixeiro, 21 (1837);23/08/2021;;;10; PARFOIS - Dismoda -comercio Y Distribucion Sl  ;Abierto;TP1;General;Fran Ullod - Optima Retail;Principal;"628224463
";"1837@stores.parfois.com, manager.1837@stores.parfois.com
0
";ESP;SI
P21S/05456;PARFOIS - SPAIN, Albacete, Albacete, C/ Mayor, 31 (1883);07/10/2021;;;10; PARFOIS - Dismoda -comercio Y Distribucion Sl  ;Abierto;TP1;General;Ariadna Toquero - Optima Retail (EQ7);Principal;646269003;1883@stores.parfois.com, manager.1883@stores.parfois.com;ESP;SI
P21S/05849;PARFOIS - SPAIN, Albacete, CC Albacenter, C/ Alcalde Conangla, s/n (9100);26/10/2021;;;10; PARFOIS - Dismoda -comercio Y Distribucion Sl  ;Abierto;TP1;General;Fran Ullod - Optima Retail;Principal;+34 606508241;9100@stores.parfois.com, manager.9100@stores.parfois.com;ESP;SI
P21S/05801;PARFOIS - SPAIN, Albacete, ECI Albacete, Av. de España, 30-32 (1832);25/10/2021;;;10; PARFOIS - Dismoda -comercio Y Distribucion Sl  ;Abierto;TP1;General;Fran Ullod - Optima Retail;Principal;616574878;1832@stores.parfois.com, manager.1832@stores.parfois.com;ESP;SI
P19/00457;PARFOIS - SPAIN, Algeciras, ECI Algeciras, C/ Juan Pérez Arriete, s/n (3500);22/07/2019;;;10; PARFOIS - Dismoda -comercio Y Distribucion Sl  ;Abierto;TP1;General;Fran Ullod - Optima Retail;Principal;608911545;3500@stores.parfois.com, manager.3500@stores.parfois.com;ESP;SI
P21S/05217;PARFOIS - SPAIN, Algeciras, Regino Martínez, C/ Regino Martínez, 26 (9900);16/08/2021;;;10; PARFOIS - Dismoda -comercio Y Distribucion Sl  ;Abierto;TP1;General;Fran Ullod - Optima Retail;Principal;626569066;9900@stores.parfois.com, manager.9900@stores.parfois.com;ESP;SI
P21S/05222;PARFOIS - SPAIN, Alicante, Aeropuerto Alicante (12700);16/08/2021;;;10; PARFOIS - Dismoda -comercio Y Distribucion Sl  ;Abierto;TP1;General;Fran Ullod - Optima Retail;Principal;"616199271
";"12700@stores.parfois.com, manager.12700@stores.parfois.com
";ESP;SI
P21S/05592;PARFOIS - SPAIN, Alicante, ECI Alicante, Av. Maisonave 53 (1842);22/10/2021;;;10; PARFOIS - Dismoda -comercio Y Distribucion Sl  ;Abierto;TP1;General;Fran Ullod - Optima Retail;Principal;"648694796

";"1842@stores.parfois.com, manager.1842@stores.parfois.com

";ESP;SI
P21S/05678;PARFOIS - SPAIN, Alicante, ECI Elche, Av. Alcalde Ramón Pastor, 2 A (11801);22/10/2021;;;10; PARFOIS - Dismoda -comercio Y Distribucion Sl  ;Abierto;TP1;General;Fran Ullod - Optima Retail;Principal;"648234512
";"11801@stores.parfois.com
manager.11801@stores.parfois.com

";ESP;SI
P21S/05837;PARFOIS - SPAIN, Alicante, Elche Calle Hospital, C/ Hospital 8 (9301);26/10/2021;;;10; PARFOIS - Dismoda -comercio Y Distribucion Sl  ;Abierto;TP1;General;Fran Ullod - Optima Retail;Principal;"626501534
";"9301@stores.parfois.com, manager.9301@stores.parfois.com
";ESP;SI
P21S/05432;PARFOIS - SPAIN, Alicante, Elche CC Aljub, C/ Jacariila, 7 (1806);05/10/2021;;;10; PARFOIS - Dismoda -comercio Y Distribucion Sl  ;Abierto;TP1;General;Ariadna Toquero - Optima Retail (EQ7);Principal;"628228254
";"1806@stores.parfois.com, manager.1806@stores.parfois.com
";ESP;SI
P21S/05872;PARFOIS - SPAIN, Alicante, Elda, C/ Juan Carlos I, 13 (16319);26/10/2021;;;10; PARFOIS - Dismoda -comercio Y Distribucion Sl  ;Abierto;TP1;General;Fran Ullod - Optima Retail;Principal;"637407996
";"16319@stores.parfois.com, manager.16319@stores.parfois.com

";ESP;SI
P21S/05227;PARFOIS - SPAIN, Alicante, Maisonave, C/ Maisonave, 23 (1783);17/08/2021;;;10; PARFOIS - Dismoda -comercio Y Distribucion Sl  ;Abierto;TP1;General;Fran Ullod - Optima Retail;Principal;"619125233
";"1783@stores.parfois.com, manager.1783@stores.parfois.com

";ESP;SI
P21S/05873;PARFOIS - SPAIN, Alicante, Orihuela CC Ociopia, C/ Obispo Victorio Oliver, 2 (16589);26/10/2021;;;10; PARFOIS - Dismoda -comercio Y Distribucion Sl  ;Abierto;TP1;General;Fran Ullod - Optima Retail;Principal;"637550508
";"16589@stores.parfois.com, manager.16589@stores.parfois.com

";ESP;SI
P21S/05615;PARFOIS - SPAIN, Alicante, Sant Vicente del Raspeig  CC Outlet, C/ de Alicante, 94 (3900);22/10/2021;;;10; PARFOIS - Dismoda -comercio Y Distribucion Sl  ;Abierto;TP1;General;Fran Ullod - Optima Retail;Principal;"626355601
";"3900@stores.parfois.com, manager.3900@stores.parfois.com

";ESP;SI
P21S/05871;PARFOIS - SPAIN, Alicante, Villena Joaquin Maria López, Plaza Joaquin Maria Lopez, 21 (16454);26/10/2021;;;10; PARFOIS - Dismoda -comercio Y Distribucion Sl  ;Abierto;TP1;General;Fran Ullod - Optima Retail;Principal;"647420005
";"16454@stores.parfois.com, manager.16454@stores.parfois.com

";ESP;SI
P21S/05282;PARFOIS - SPAIN, Alicante. CC Gran Vía, C/ Jose García Selles 2 (1793);30/08/2021;;;10; PARFOIS - Dismoda -comercio Y Distribucion Sl  ;Abierto;TP1;General;Fran Ullod - Optima Retail;Principal;"648694801
";"1793@stores.parfois.com, manager.1793@stores.parfois.com

";ESP;SI
P21S/05364;PARFOIS - SPAIN, Almería, CC Mediterráneo, Av. del Mediterráneo, s/n (1812);27/09/2021;;;10; PARFOIS - Dismoda -comercio Y Distribucion Sl  ;Abierto;TP1;General;Fran Ullod - Optima Retail;Principal;648234538;1812@stores.parfois.com, manager.1812@stores.parfois.com;ESP;SI
P21S/05684;PARFOIS - SPAIN, Almería, ECI Ejido, Paseo Pedro Ponce, s/n (16299);22/10/2021;;;10; PARFOIS - Dismoda -comercio Y Distribucion Sl  ;Abierto;TP1;General;Fran Ullod - Optima Retail;Principal;637401344;16299@stores.parfois.com, manager.16299@stores.parfois.com;ESP;SI
P21S/05427;PARFOIS - SPAIN, Almeria, Roquetas de Mar CC Gran Plaza, Av. de Alicún, s/n (1827);04/10/2021;;;10; PARFOIS - Dismoda -comercio Y Distribucion Sl  ;Abierto;TP1;General;Fran Ullod - Optima Retail;Principal;648234575;1827@stores.parfois.com, manager.1827@stores.parfois.com;ESP;SI
P21S/05842;PARFOIS - SPAIN, Ávila, Ávila, C/ Don Gerónimo, 5 (16507);26/10/2021;;;10; PARFOIS - Dismoda -comercio Y Distribucion Sl  ;Abierto;TP1;General;Fran Ullod - Optima Retail;Principal;647431648;16507@stores.parfois.com, manager.16507@stores.parfois.com;ESP;SI
P21S/05593;PARFOIS - SPAIN, Badajoz, CC Faro Guadiana, Av. de Elvas s/n (11000);22/10/2021;;;10; PARFOIS - Dismoda -comercio Y Distribucion Sl  ;Abierto;TP1;General;Fran Ullod - Optima Retail;Principal;616394222;11000@stores.parfois.com, manager.11000@stores.parfois.com;ESP;SI
P21S/05515;PARFOIS - SPAIN, Badajoz, Don Benito, C/ Groizard 11 (12600);13/10/2021;;;10; PARFOIS - Dismoda -comercio Y Distribucion Sl  ;Abierto;TP1;General;Ariadna Toquero - Optima Retail (EQ7);Principal;616819256;12600@stores.parfois.com, manager.12600@stores.parfois.com;ESP;SI
P21S/05701;PARFOIS - SPAIN, Badajoz, ECI Badajoz, Plaza de Conquistadores, s/n (16242);22/10/2021;;;10; PARFOIS - Dismoda -comercio Y Distribucion Sl  ;Abierto;TP1;General;Fran Ullod - Optima Retail;Principal;;16242@stores.parfois.com, manager.16242@stores.parfois.com;ESP;SI
P21S/05352;PARFOIS - SPAIN, Badajoz, Mérida, C/ Santa Eulalia 42 (13500);21/09/2021;;;9; PARFOIS - Dismoda -comercio Y Distribucion Sl  ;Abierto;TP1;General;Ariadna Toquero - Optima Retail (EQ7);Principal;638494670;13500@stores.parfois.com, manager.13500@stores.parfois.com;ESP;SI
P21S/05981;PARFOIS - SPAIN, Barakaldo, Bilbao CC Max Center, C/ Barrio Kareaga, s/n (1889);15/11/2021;;;8; PARFOIS - Dismoda -comercio Y Distribucion Sl  ;Abierto;TP1;General;Fran Ullod - Optima Retail;Principal;618172850;1889@stores.parfois.com, manager.1889@stores.parfois.com;ESP;SI
P21S/05300;PARFOIS - SPAIN, Barcelona ,CC Maquinista, C/ Potosí, 2 (1791);03/09/2021;;;9; PARFOIS - Dismoda -comercio Y Distribucion Sl  ;Abierto;TP1;General;Fran Ullod - Optima Retail;Principal;"628232933
";"1791@stores.parfois.com, manager.1791@stores.parfois.com

";ESP;SI
P21S/05084;PARFOIS - SPAIN, Barcelona,  Av. Diagonal, Av. Diagonal, 536 (12602);09/08/2021;;;8; PARFOIS - Dismoda -comercio Y Distribucion Sl  ;Abierto;TP1;General;Fran Ullod - Optima Retail;Principal;"638578327
";"12602@stores.parfois.com, manager.12602@stores.parfois.com

";ESP;SI
P21S/05863;PARFOIS - SPAIN, Barcelona,  ECI Diagonal, Av. Diagonal, 617 (16317);26/10/2021;;;9; PARFOIS - Dismoda -comercio Y Distribucion Sl  ;Abierto;TP1;General;Fran Ullod - Optima Retail;Principal;"637476149
";"16317@stores.parfois.com, manager.16317@stores.parfois.com

";ESP;SI
P21S/05570;PARFOIS - SPAIN, Barcelona, Aeropuerto Barcelona (16000);22/10/2021;;;8; PARFOIS - Dismoda -comercio Y Distribucion Sl  ;Abierto;TP1;General;Fran Ullod - Optima Retail;Principal;"690925740
";"16000@stores.parfois.com, manager.16000@stores.parfois.com

";ESP;SI
P21S/05093;PARFOIS - SPAIN, Barcelona, Badalona Calle del Mar, C/ del Mar, 21 (4300);11/08/2021;;;2; PARFOIS - Dismoda -comercio Y Distribucion Sl  ;Abierto;TP1;General;Fran Ullod - Optima Retail;Principal;"638775500
";"4300@stores.parfois.com, manager.4300@stores.parfois.com

";ESP;SI
P21S/05868;PARFOIS - SPAIN, Barcelona, Badalona CC Montigalá, Passeig Olof Palme, 28-36 (16382);26/10/2021;;;5; PARFOIS - Dismoda -comercio Y Distribucion Sl  ;Abierto;TP1;General;Fran Ullod - Optima Retail;Principal;"637449387
";"16382@stores.parfois.com, manager.16382@stores.parfois.com

";ESP;SI
P21S/05603;PARFOIS - SPAIN, Barcelona, Calle Pelayo, C/ Pelayo 12 (15927);22/10/2021;;;6; PARFOIS - Dismoda -comercio Y Distribucion Sl  ;Abierto;TP1;General;Fran Ullod - Optima Retail;Principal;686805857;15927@stores.parfois.com, manager.15927@stores.parfois.com;ESP;SI
P21S/05250;PARFOIS - SPAIN, Barcelona, Castelldefels CC L' Ànec Blau, Av. Canal Olímpico, 24 (1868);23/08/2021;;;1; PARFOIS - Dismoda -comercio Y Distribucion Sl  ;Abierto;TP1;General;Fran Ullod - Optima Retail;Principal;628226783;1868@stores.parfois.com, manager.1868@stores.parfois.com;ESP;SI
P21S/05818;PARFOIS - SPAIN, Barcelona, CC Arenas, Gran Vía de les Corts Catalanes, 373-385 (16234);25/10/2021;;;5; PARFOIS - Dismoda -comercio Y Distribucion Sl  ;Abierto;TP1;General;Fran Ullod - Optima Retail;Principal;673900749;16234@stores.parfois.com, manager.16234@stores.parfois.com;ESP;SI
P21S/05519;PARFOIS - SPAIN, Barcelona, CC Diagonal Mar, Av. Diagonal, 3 (1838);15/10/2021;;;5; PARFOIS - Dismoda -comercio Y Distribucion Sl  ;Abierto;TP1;General;Ariadna Toquero - Optima Retail (EQ7);Principal;619773126;1838@stores.parfois.com, manager.1838@stores.parfois.com;ESP;SI
P21S/04998;PARFOIS - SPAIN, Barcelona, CC Glòries, Av. Diagonal, 208 (1919) ;29/07/2021;;;5; PARFOIS - Dismoda -comercio Y Distribucion Sl  ;Abierto;TP1;General;Fran Ullod - Optima Retail;Principal;686987682;1919@stores.parfois.com, manager.1919@stores.parfois.com;ESP;SI
P21S/05269;PARFOIS - SPAIN, Barcelona, CC La Illa, Av. Diagonal, 557 (1902);25/08/2021;;;5; PARFOIS - Dismoda -comercio Y Distribucion Sl  ;Abierto;TP1;General;Fran Ullod - Optima Retail;Principal;648234530;1902@stores.parfois.com, manager.1902@stores.parfois.com;ESP;SI
P21S/05815;PARFOIS - SPAIN, Barcelona, CC Mataró Parc, C/ Estrasburgo, 5 (1877);25/10/2021;;;3; PARFOIS - Dismoda -comercio Y Distribucion Sl  ;Abierto;TP1;General;Fran Ullod - Optima Retail;Principal;628227477;1877@stores.parfois.com, manager.1877@stores.parfois.com;ESP;SI
P21S/05867;PARFOIS - SPAIN, Barcelona, CC Paddock, Av. de Francesc Macià, 46-50 (16550);26/10/2021;;;4; PARFOIS - Dismoda -comercio Y Distribucion Sl  ;Abierto;TP1;General;Fran Ullod - Optima Retail;Principal;647420587;16550@stores.parfois.com, manager.16550@stores.parfois.com;ESP;SI
P21S/05297;PARFOIS - SPAIN, Barcelona, CC Sant Cugat Center,  Av. de la Vía Augusta, 2-14 (1863);03/09/2021;;;9; PARFOIS - Dismoda -comercio Y Distribucion Sl  ;Abierto;TP1;General;Fran Ullod - Optima Retail;Principal;646268869;1863@stores.parfois.com, manager.1863@stores.parfois.com;ESP;SI
P21S/05194;PARFOIS - SPAIN, Barcelona, CC Style Outlet Viladecans , Ctra. de la Vila, 90 (15918);13/08/2021;;;5; PARFOIS - Dismoda -comercio Y Distribucion Sl  ;Abierto;TP1;General;Fran Ullod - Optima Retail;Principal;673900732;15918@stores.parfois.com, manager.15918@stores.parfois.com;ESP;SI
P21S/05874;PARFOIS - SPAIN, Barcelona, ECI Can Dragó, Passeig de Andreu, 51 (1916);26/10/2021;;;2; PARFOIS - Dismoda -comercio Y Distribucion Sl  ;Abierto;TP1;General;Fran Ullod - Optima Retail;Principal;638134972;1916@stores.parfois.com, manager.1916@stores.parfois.com;ESP;SI
P21S/05803;PARFOIS - SPAIN, Barcelona, ECI Cornellá, C/ Salvador Dalí,15-19 (1817);25/10/2021;;;5; PARFOIS - Dismoda -comercio Y Distribucion Sl  ;Abierto;TP1;General;Fran Ullod - Optima Retail;Principal;630313031;1817@stores.parfois.com, manager1817@stores.parfois.com;ESP;SI
P21S/05675;PARFOIS - SPAIN, Barcelona, ECI Francesc Macià, Av. Diagonal, 471 (1814);22/10/2021;;;4; PARFOIS - Dismoda -comercio Y Distribucion Sl  ;Abierto;TP1;General;Fran Ullod - Optima Retail;Principal;934934800;;ESP;SI
P21S/05619;PARFOIS - SPAIN, Barcelona, ECI Plaza Cataluña, Pl. de Catalunya, 14 (16306);22/10/2021;;;9; PARFOIS - Dismoda -comercio Y Distribucion Sl  ;Abierto;TP1;General;Fran Ullod - Optima Retail;Principal;;"16306@stores.parfois.com, manager.16306@stores.parfois.com
";ESP;SI
P21S/05656;PARFOIS - SPAIN, Barcelona, ECI Portal del Ángel, Av. Portal del Ángel, 19-21 (7501);22/10/2021;;;5; PARFOIS - Dismoda -comercio Y Distribucion Sl  ;Abierto;TP1;General;Fran Ullod - Optima Retail;Principal;638350522;7501@stores.parfois.com;ESP;SI
P21S/05647;PARFOIS - SPAIN, Barcelona, ECI Sabadell, Av. Francesc Macià, 58-60 (1888);22/10/2021;;;6; PARFOIS - Dismoda -comercio Y Distribucion Sl  ;Abierto;TP1;General;Fran Ullod - Optima Retail;Principal;618624517;1888@stores.parfois.com, manager.1888@stores.parfois.com;ESP;SI
P21S/05248;PARFOIS - SPAIN, Barcelona, Estación Sants, Pl. dels Paisos Catalans, s/n (1799);21/08/2021;;;1; PARFOIS - Dismoda -comercio Y Distribucion Sl  ;Abierto;TP1;General;Fran Ullod - Optima Retail;Principal;616669424;1799@stores.parfois.com,manager.1799@stores.parfois.com;ESP;SI
P19/00739;PARFOIS - SPAIN, Barcelona, Estación Sants, Plaça dels Països Catalans, s/n;11/10/2019;;;3;Optima Building Service, S.L.;Abierto;TP1;General;Fran Ullod - Optima Retail;Principal;616669424;1799@stores.parfois.com, manager.1799@stores.parfois.com;ESP;SI
P21S/05005;PARFOIS - SPAIN, Barcelona, Gran de Gràcia, C/ Gran de Gràcia, 67(16307);03/08/2021;;;2; PARFOIS - Dismoda -comercio Y Distribucion Sl  ;Abierto;TP1;General;Fran Ullod - Optima Retail;Principal;627902989;16307@stores.parfois.com, manager.16307@stores.parfois.com;ESP;SI
P21S/05816;PARFOIS - SPAIN, Barcelona, Granollers, C/ Anselm Clave, 24 (1804);25/10/2021;;;1; PARFOIS - Dismoda -comercio Y Distribucion Sl  ;Abierto;TP1;General;Fran Ullod - Optima Retail;Principal;636312721;1804@stores.parfois.com, manager.1804@stores.parfois.com;ESP;SI
P21S/05866;PARFOIS - SPAIN, Barcelona, Manresa, C/ D'àngel Guimerà, 8-10 (16576);26/10/2021;;;6; PARFOIS - Dismoda -comercio Y Distribucion Sl  ;Abierto;TP1;General;Fran Ullod - Optima Retail;Principal;637550506;16576@stores.parfois.com, manager.16576@stores.parfois.com;ESP;SI
P21S/06026;PARFOIS - SPAIN, Barcelona, Oficinas, C/ Caspe, 151 Ppa. 3ª;28/11/2021;;;8; PARFOIS - Dismoda -comercio Y Distribucion Sl  ;Abierto;TP1;General;Fran Ullod - Optima Retail;Principal;;;ESP;SI
P21S/05301;PARFOIS - SPAIN, Barcelona, Portal del Ángel, C/ Portal del Ángel, 14 (10904);06/09/2021;;;5; PARFOIS - Dismoda -comercio Y Distribucion Sl  ;Abierto;TP1;General;Fran Ullod - Optima Retail;Principal;646650689;10904@stores.parfois.com, manager.10904@stores.parfois.com;ESP;SI
P21S/05095;PARFOIS - SPAIN, Barcelona, Terrassa, C/ dels Gavatxons, 22 (16430);11/08/2021;;;9; PARFOIS - Dismoda -comercio Y Distribucion Sl  ;Abierto;TP1;General;Fran Ullod - Optima Retail;Principal;647100222;16430@stores.parfois.com, manager.16430@stores.parfois.com;ESP;SI
P21S/05348;PARFOIS - SPAIN, Benidorm, Finestrat CC La Marina, Av. del País Valencia, 2 (3104);20/09/2021;;;1; PARFOIS - Dismoda -comercio Y Distribucion Sl  ;Abierto;TP1;General;Fran Ullod - Optima Retail;Principal;639388701;3104@stores.parfois.com, manager.3104@stores.parfois.com;ESP;SI
P21S/05265;PARFOIS - SPAIN, Bilbao, Calle Ercilla, C/ Ercilla, 39 (1802);24/08/2021;;;3; PARFOIS - Dismoda -comercio Y Distribucion Sl  ;Abierto;TP1;General;Fran Ullod - Optima Retail;Principal;647401698;1802@stores.parfois.com, manager.1802@stores.parfois.com;ESP;SI
P21S/05215;PARFOIS - SPAIN, Bilbao, Calle Navarra, C/ Navarra,10 (12800);16/08/2021;;;2; PARFOIS - Dismoda -comercio Y Distribucion Sl  ;Abierto;TP1;General;Fran Ullod - Optima Retail;Principal;646687460;12800@stores.parfois.com, manager.12800@stores.parfois.com;ESP;SI
P21S/05845;PARFOIS - SPAIN, Bilbao, CC Artea, Paseo de la Castellana, 33 (1771);26/10/2021;;;8; PARFOIS - Dismoda -comercio Y Distribucion Sl  ;Abierto;TP1;General;Fran Ullod - Optima Retail;Principal;646269022;1771@stores.parfois.com, manager.1771@stores.parfois.com;ESP;SI
P21S/05798;PARFOIS - SPAIN, Bilbao, Diputación, C/ Diputación, 8 (1777);25/10/2021;;;7; PARFOIS - Dismoda -comercio Y Distribucion Sl  ;Abierto;TP1;General;Ariadna Toquero - Optima Retail (EQ7);Principal;619783896;1777@stores.parfois.com, manager.1777@stores.parfois.com;ESP;SI
P21S/05875;PARFOIS - SPAIN, Bilbao, ECI Bilbao, Don Diego López Haroko Kale Nagusia, 7 (16243);26/10/2021;;;9; PARFOIS - Dismoda -comercio Y Distribucion Sl  ;Abierto;TP1;General;Fran Ullod - Optima Retail;Principal;;"16243@stores.parfois.com, manager.16243@stores.parfois.com
";ESP;SI
P21S/05841;PARFOIS - SPAIN, Burgos, Burgos, C/ de Santander, 6 (1830);26/10/2021;;;3; PARFOIS - Dismoda -comercio Y Distribucion Sl  ;Abierto;TP1;General;Fran Ullod - Optima Retail;Principal;648694803;1830@stores.parfois.com, manager.1830@stores.parfois.com;ESP;SI
P21S/05295;PARFOIS - SPAIN, Cáceres, Calle Pintores, C/ Pintores, 31 (4701);02/09/2021;;;5; PARFOIS - Dismoda -comercio Y Distribucion Sl  ;Abierto;TP1;General;Fran Ullod - Optima Retail;Principal;626914744;4701@stores.parfois.com, manager.4701@stores.parfois.com;ESP;SI
P21S/05595;PARFOIS - SPAIN, Cáceres, CC Ruta de la Plata, C/ de Londres, 1(1785);22/10/2021;;;2; PARFOIS - Dismoda -comercio Y Distribucion Sl  ;Abierto;TP1;General;Fran Ullod - Optima Retail;Principal;648234604;1785@stores.parfois.com, manager.1785@stores.parfois.com;ESP;SI
P21S/05805;PARFOIS - SPAIN, Cáceres, Plasencia, C/ del Sol 43 (15601);25/10/2021;;;1; PARFOIS - Dismoda -comercio Y Distribucion Sl  ;Abierto;TP1;General;Fran Ullod - Optima Retail;Principal;696171233;15601@stores.parfois.com, manager.15601@stores.parfois.com;ESP;SI
P21S/05870;PARFOIS - SPAIN, Cádiz, Chiclana, C/ de la Vega, 30 (16560);26/10/2021;;;9; PARFOIS - Dismoda -comercio Y Distribucion Sl  ;Abierto;TP1;General;Fran Ullod - Optima Retail;Principal;647446913;16560@stores.parfois.com, manager.16560@stores.parfois.com;ESP;SI
P21S/05697;PARFOIS - SPAIN, Cádiz, ECI Bahía Cádiz, Av. de las Cortes de Cádiz, 1 (1880);22/10/2021;;;2; PARFOIS - Dismoda -comercio Y Distribucion Sl  ;Abierto;TP1;General;Fran Ullod - Optima Retail;Principal;618057369;1880@stores.parfois.com, manager.1880@stores.parfois.com;ESP;SI
P21S/05864;PARFOIS - SPAIN, Cádiz, ECI Bahía Sur, C/ Caño Herrera s/n (1844);26/10/2021;;;9; PARFOIS - Dismoda -comercio Y Distribucion Sl  ;Abierto;TP1;General;Fran Ullod - Optima Retail;Principal;856397612;;ESP;SI
P21S/05288;PARFOIS - SPAIN, Cádiz, Puerto de Santamaría CC Paseo, Ctra. Nacional IV, Km 653 (6000);31/08/2021;;;7; PARFOIS - Dismoda -comercio Y Distribucion Sl  ;Abierto;TP1;General;Fran Ullod - Optima Retail;Principal;620844178;6000@stores.parfois.com, manager.6000@stores.parfois.com;ESP;SI
P21S/05561;PARFOIS - SPAIN, Castellón, CC Salera, Av. Enrique Gimeno, 82 (16235);19/10/2021;;;9; PARFOIS - Dismoda -comercio Y Distribucion Sl  ;Abierto;TP1;General;Ariadna Toquero - Optima Retail (EQ7);Principal;673900745;16235@stores.parfois.com, manager.16235@stores.parfois.com;ESP;SI
P21S/05804;PARFOIS - SPAIN, Castellón, ECI Castellón, Paseo de Morella, 1 (1866);25/10/2021;;;8; PARFOIS - Dismoda -comercio Y Distribucion Sl  ;Abierto;TP1;General;Fran Ullod - Optima Retail;Principal;618627140;1866@stores.parfois.com, manager.1866@stores.parfois.com;ESP;SI
P21S/05617;PARFOIS - SPAIN, CC Aire Sur, C/ Castilleja de la Cuesta, s/n Tomares (1861);22/10/2021;;;5; PARFOIS - Dismoda -comercio Y Distribucion Sl  ;Abierto;TP1;General;Fran Ullod - Optima Retail;Principal;628227360;1861@stores.parfois.com, manager.1861@stores.parfois.com;ESP;SI
P21S/05522;PARFOIS - SPAIN, Ceuta, CC Parque Ceuta, Av. Teniente General Muslera (16613);15/10/2021;;;6; PARFOIS - Dismoda -comercio Y Distribucion Sl  ;Abierto;TP1;General;Ariadna Toquero - Optima Retail (EQ7);Principal;687902357;16613@stores.parfois.com, manager.16613@stores.parfois.com;ESP;SI
P21S/05289;PARFOIS - SPAIN, Ciudad Real, Alcázar de San Juan, C/ Emilio Castelar, 19 (16640);31/08/2021;;;4; PARFOIS - Dismoda -comercio Y Distribucion Sl  ;Abierto;TP1;General;Fran Ullod - Optima Retail;Principal;647402024;16640@stores.parfois.com, manager.16640@stores.parfois.com;ESP;SI
P21S/05249;PARFOIS - SPAIN, Ciudad Real, Calle Vásquez, C/ Carlos Vásquez, 2 (2602);23/08/2021;;;8; PARFOIS - Dismoda -comercio Y Distribucion Sl  ;Abierto;TP1;General;Fran Ullod - Optima Retail;Principal;620427208;2602@stores.parfois.com, manager.2602@stores.parfois.com;ESP;SI
P21S/05847;PARFOIS - SPAIN, Ciudad Real, Puertollano, C/ Aduana 36 (16350);26/10/2021;;;9; PARFOIS - Dismoda -comercio Y Distribucion Sl  ;Abierto;TP1;General;Fran Ullod - Optima Retail;Principal;637401639;16350@stores.parfois.com, manager.16350@stores.parfois.com;ESP;SI
P21S/05827;PARFOIS - SPAIN, Ciudad Real, Valdepeñas, C/ de la Virgen 17 (16508);26/10/2021;;;9; PARFOIS - Dismoda -comercio Y Distribucion Sl  ;Abierto;TP1;General;Fran Ullod - Optima Retail;Intracomunitaria;662992691;16508@stores.parfois.com, manager.16508@stores.parfois.com;ESP;SI
P21S/05246;PARFOIS - SPAIN, Córdoba, Calle Cruz Conde, C/ Góngora Jose Cruz Conde, 7 (1914);20/08/2021;;;9; PARFOIS - Dismoda -comercio Y Distribucion Sl  ;Abierto;TP1;General;Fran Ullod - Optima Retail;Principal;628231790;1914@stores.parfois.com, manager.1914@stores.parfois.com;ESP;SI
P21S/05085;PARFOIS - SPAIN, Córdoba, CC La Sierra, C/ Poeta Emilio Prados, s/n (1860);09/08/2021;;;9; PARFOIS - Dismoda -comercio Y Distribucion Sl  ;Abierto;TP1;General;Fran Ullod - Optima Retail;Principal;646268979;1860@stores.parfois.com, manager.1860@stores.parfois.com;ESP;SI
P21S/05649;PARFOIS - SPAIN, Córdoba, ECI Ronda de Córdoba, Ctra. Sta. María de Trassierra, s/n (7800);22/10/2021;;;9; PARFOIS - Dismoda -comercio Y Distribucion Sl  ;Abierto;TP1;General;Fran Ullod - Optima Retail;Principal;618488660;7800@stores.parfois.com, manager.7800@stores.parfois.com;ESP;SI
P21S/05342;PARFOIS - SPAIN, Coruña, Plaza de Lugo, Plaza de Lugo, 23 (1796);16/09/2021;;;9; PARFOIS - Dismoda -comercio Y Distribucion Sl  ;Abierto;TP1;General;Fran Ullod - Optima Retail;Principal;628231317;1796@stores.parfois.com, manager.1796@stores.parfois.com;ESP;SI
P21S/05848;PARFOIS - SPAIN, Cuenca, Cuenca, Pl. Hispanidad, 7 (1809);26/10/2021;;;9; PARFOIS - Dismoda -comercio Y Distribucion Sl  ;Abierto;TP1;General;Fran Ullod - Optima Retail;Principal;620067418;1809@stores.parfois.com, manager.1809@stores.parfois.com;ESP;SI
P21S/05266;PARFOIS - SPAIN, Donostia, San Sebastian CC Garbera, C/ Garbera,1 (1912);24/08/2021;;;9; PARFOIS - Dismoda -comercio Y Distribucion Sl  ;Abierto;TP1;General;Fran Ullod - Optima Retail;Principal;609961210;1912@stores.parfois.com, manager.1912@stores.parfois.com;ESP;SI
P21S/05291;PARFOIS - SPAIN, Donostia, San Sebastian Marcial, C/ San Marcial, 19 (1915);01/09/2021;;;9; PARFOIS - Dismoda -comercio Y Distribucion Sl  ;Abierto;TP1;General;Fran Ullod - Optima Retail;Principal;639503531;1915@stores.parfois.com, manager.1915@stores.parfois.com;ESP;SI
P21S/05862;PARFOIS - SPAIN, Eibar, ECI Eibar, C/ Ego Gain, 7 (15920);26/10/2021;;;9; PARFOIS - Dismoda -comercio Y Distribucion Sl  ;Abierto;TP1;General;Fran Ullod - Optima Retail;Principal;690360463;15920@stores.parfois.com, manager.15920@stores.parfois.com;ESP;SI
P21S/05523;PARFOIS - SPAIN, Fuengirola, CC Miramar, Av de la Encarnación, s/n (1922);15/10/2021;;;9; PARFOIS - Dismoda -comercio Y Distribucion Sl  ;Abierto;TP1;General;Ariadna Toquero - Optima Retail (EQ7);Principal;636313203;"1922@stores.parfois.com, manager.1922@stores.parfois.com
";ESP;SI
P21S/05668;PARFOIS - SPAIN, Gijón, ECI Gijón, C/ Ramón Areces, 2 (2900);22/10/2021;;;9; PARFOIS - Dismoda -comercio Y Distribucion Sl  ;Abierto;TP1;General;Fran Ullod - Optima Retail;Principal;618941064;2900@stores.parfois.com, manager.2900@stores.parfois.com;ESP;SI
P21S/05097 ;PARFOIS - SPAIN, Girona, CC Outlet Gran Jonquera, Av. Galícia, 22-28 La Jonquera (1858);12/08/2021;;;9; PARFOIS - Dismoda -comercio Y Distribucion Sl  ;Abierto;TP1;General;Fran Ullod - Optima Retail;Principal;618125966;1858@stores.parfois.com, manager.1858@stores.parfois.com;ESP;SI
P21S/05799;PARFOIS - SPAIN, Girona, Figueres, C/ de Peralada, 16 (16429);25/10/2021;;;8; PARFOIS - Dismoda -comercio Y Distribucion Sl  ;Abierto;TP1;General;Ariadna Toquero - Optima Retail (EQ7);Principal;647581990;16429@stores.parfois.com, manager.16429@stores.parfois.com;ESP;SI
P21S/05516;PARFOIS - SPAIN, Girona, Girona, C/ Joan Maragall, 12 (1893);13/10/2021;;;8; PARFOIS - Dismoda -comercio Y Distribucion Sl  ;Abierto;TP1;General;Ariadna Toquero - Optima Retail (EQ7);Principal;619518085;1893@stores.parfois.com, manager.1893@stores.parfois.com;ESP;SI
P21S/05083;PARFOIS - SPAIN, Girona, Playa de Aro, Av. del Cavall Bernat, 21 (16428);09/08/2021;;;8; PARFOIS - Dismoda -comercio Y Distribucion Sl  ;Abierto;TP1;General;Fran Ullod - Optima Retail;Principal;647400479;16428@stores.parfois.com, manager.16428@stores.parfois.com;ESP;SI
P21S/05224;PARFOIS - SPAIN, Granada, CC Nevada, C/ Hipócrates, s/n (15922);17/08/2021;;;9; PARFOIS - Dismoda -comercio Y Distribucion Sl  ;Abierto;TP1;General;Fran Ullod - Optima Retail;Principal;689889914;15922@stores.parfois.com, manager.15922@stores.parfois.com;ESP;SI
P21S/05705;PARFOIS - SPAIN, Granada, ECI Arabial, C/ Arabial, 95-97 (1834);22/10/2021;;;9; PARFOIS - Dismoda -comercio Y Distribucion Sl  ;Abierto;TP1;General;Fran Ullod - Optima Retail;Principal;618519135;1834@stores.parfois.com, manager.1834@stores.parfois.com;ESP;SI
P21S/05671;PARFOIS - SPAIN, Granada, ECI Genil, Carrera de la Virgen, 20-22 (1807);22/10/2021;;;9; PARFOIS - Dismoda -comercio Y Distribucion Sl  ;Abierto;TP1;General;Fran Ullod - Optima Retail;Principal;616710908;1807@stores.parfois.com, manager.1807@stores.parfois.com;ESP;SI
P21S/05833;PARFOIS - SPAIN, Granada, Mesones, C/ Mesones, 57 (1896);26/10/2021;;;8; PARFOIS - Dismoda -comercio Y Distribucion Sl  ;Abierto;TP1;General;Fran Ullod - Optima Retail;Principal;628228322;1896@stores.parfois.com, manager.1896@stores.parfois.com;ESP;SI
P21S/05221;PARFOIS - SPAIN, Granada, Recogidas, C/ Recogidas,18 (1854);16/08/2021;;;8; PARFOIS - Dismoda -comercio Y Distribucion Sl  ;Abierto;TP1;General;Fran Ullod - Optima Retail;Principal;629425816;1854@stores.parfois.com, manager.1854@stores.parfois.com;ESP;SI
P21S/05363;PARFOIS - SPAIN, Guadalajara, CC Ferial Plaza, Av. Eduardo Guitian, 13-19 (1781);27/09/2021;;;8; PARFOIS - Dismoda -comercio Y Distribucion Sl  ;Abierto;TP1;General;Fran Ullod - Optima Retail;Principal;637402099;"1781@stores.parfois.com, manager.1781@stores.parfois.com
";ESP;SI
P21S/05256;PARFOIS - SPAIN, Huelva, Ayamonte CC La Plaza, Av. de la Constitución, 6 (16253);23/08/2021;;;8; PARFOIS - Dismoda -comercio Y Distribucion Sl  ;Abierto;TP1;General;Fran Ullod - Optima Retail;Principal;637404627;16253@stores.parfois.com, manager.16253@stores.parfois.com;ESP;SI
P21S/05330;PARFOIS - SPAIN, Huelva, CC Holea, Ronda Exterior Zona Sur, s/n  (6001);16/09/2021;;;8; PARFOIS - Dismoda -comercio Y Distribucion Sl  ;Abierto;TP1;General;Fran Ullod - Optima Retail;Principal;626034339;6001@stores.parfois.com, manager.6001@stores.parfois.com;ESP;SI
P19/00458;PARFOIS - SPAIN, Huelva, CC Los Palacios, Calle Palacios 9;22/07/2019;;;8;Optima Building Service, S.L.;Abierto;TP1;General;Fran Ullod - Optima Retail;Principal;619516739;1788@stores.parfois.com, manager.1788@stores.parfois.com;ESP;SI
P21S/05861;PARFOIS - SPAIN, Huelva, ECI Huelva Costa Luz, Av. Alcalde Federico Molina Orta, 1 (16630);26/10/2021;;;8; PARFOIS - Dismoda -comercio Y Distribucion Sl  ;Abierto;TP1;General;Fran Ullod - Optima Retail;Principal;687900132;"16630@stores.parfois.com, manager.16630@stores.parfois.com
";ESP;SI
P21S/05846;PARFOIS - SPAIN, Huelva, Palacio, C/ Palacio,  9 (1788);26/10/2021;;;8; PARFOIS - Dismoda -comercio Y Distribucion Sl  ;Abierto;TP1;General;Fran Ullod - Optima Retail;Principal;619516739;1788@stores.parfois.com, manager.1788@stores.parfois.com;ESP;SI
P21S/05294;PARFOIS - SPAIN, Irun, Paseo de Colón, Paseo de Colón, 3 (1848);02/09/2021;;;8; PARFOIS - Dismoda -comercio Y Distribucion Sl  ;Abierto;TP1;General;Fran Ullod - Optima Retail;Principal;619652633;1848@stores.parfois.com, manager.1848@stores.parfois.com;ESP;SI
P21S/05666;PARFOIS - SPAIN, Jaén, ECI Jaén, Av. de Madrid, 31 (1797);22/10/2021;;;8; PARFOIS - Dismoda -comercio Y Distribucion Sl  ;Abierto;TP1;General;Fran Ullod - Optima Retail;Principal;638134950;1797@stores.parfois.com, manager.1797@stores.parfois.com;ESP;SI
P21S/05859;PARFOIS - SPAIN, Jaén, ECI Linares, Pl. Ayuntamiento, s/n (1871);26/10/2021;;;8; PARFOIS - Dismoda -comercio Y Distribucion Sl  ;Abierto;TP1;General;Fran Ullod - Optima Retail;Principal;;;ESP;SI
P21S/05267;PARFOIS - SPAIN, Jaén, Linares, C/ Corredera de San Marcos, 21 (16448);24/08/2021;;;8; PARFOIS - Dismoda -comercio Y Distribucion Sl  ;Abierto;TP1;General;Fran Ullod - Optima Retail;Principal;637550172;16448@stores.parfois.com, manager.16448@stores.parfois.com;ESP;SI
P21S/05832;PARFOIS - SPAIN, Jaén, Torres Acosta,  C/ de la Madre Soledad Torres Acosta, 10 (16323);26/10/2021;;;8; PARFOIS - Dismoda -comercio Y Distribucion Sl  ;Abierto;TP1;General;Fran Ullod - Optima Retail;Principal;647405472;16323@stores.parfois.com, manager.16323@stores.parfois.com;ESP;SI
P21S/05247;PARFOIS - SPAIN, Jerez, CC Luz Shopping , Rda. Aurora Boreal, s/n (16217);20/08/2021;;;8; PARFOIS - Dismoda -comercio Y Distribucion Sl  ;Abierto;TP1;General;Jose Carlos Schanks - Optima Retail (EQ6);Principal;608556131;16217@stores.parfois.com, manager.16217@stores.parfois.com;ESP;SI
P21S/05590;PARFOIS - SPAIN, Jerez, ECI Jerez, Av de Andalucía, 34 (1820);22/10/2021;;;8; PARFOIS - Dismoda -comercio Y Distribucion Sl  ;Abierto;TP1;General;Fran Ullod - Optima Retail;Principal;618074183;1820@stores.parfois.com, manager.1820@stores.parfois.com;ESP;SI
P21S/05243;PARFOIS - SPAIN, Lanzarote, Aeropuerto Lanzarote (15955);19/08/2021;;;8; PARFOIS - Dismoda -comercio Y Distribucion Sl  ;Abierto;TP1;General;Fran Ullod - Optima Retail;Principal;686192728;15955@stores.parfois.com, manager.15955@stores.parfois.com;ESP;SI
P21S/05589;PARFOIS - SPAIN, Las Palmas, ECI Las Palmas, Av. José Mesa y López 15 (15906);22/10/2021;;;8; PARFOIS - Dismoda -comercio Y Distribucion Sl  ;Abierto;TP1;General;Fran Ullod - Optima Retail;Intracomunitaria;682802487;15906@stores.parfois.com, manager.15906@stores.parfois.com;ESP;SI
P21S/05802;PARFOIS - SPAIN, Las Plamas, ECI 7 Palmas, C/ Luis Montoto, 122D (16240);25/10/2021;;;8; PARFOIS - Dismoda -comercio Y Distribucion Sl  ;Abierto;TP1;General;Fran Ullod - Optima Retail;Intracomunitaria;;16240@stores.parfois.com, manager.16240@stores.parfois.com;ESP;SI
P21S/05296;PARFOIS - SPAIN, León,  Alcázar de Toledo, C/ Alcázar de Toledo, 9 (10902);03/09/2021;;;7; PARFOIS - Dismoda -comercio Y Distribucion Sl  ;Abierto;TP1;General;Fran Ullod - Optima Retail;Principal;616192418;10902@stores.parfois.com, manager.10902@stores.parfois.com;ESP;SI
P21S/05826;PARFOIS - SPAIN, León, CC Espacio, Av. País Leones, 12 (3800);26/10/2021;;;7; PARFOIS - Dismoda -comercio Y Distribucion Sl  ;Abierto;TP1;General;Fran Ullod - Optima Retail;Principal;639459201;3800@stores.parfois.com, manager.3800@stores.parfois.com;ESP;SI
P21S/05860;PARFOIS - SPAIN, León, ECI León, C/ de Fray Luis de León, 21 (1885);26/10/2021;;;7; PARFOIS - Dismoda -comercio Y Distribucion Sl  ;Abierto;TP1;General;Fran Ullod - Optima Retail;Principal;648131444;1885@stores.parfois.com, manager.1885@stores.parfois.com;ESP;SI
P21S/04374;PARFOIS - SPAIN, Lleida, Calle Mayor, C/ Mayor, 30 (1898);28/07/2021;;;7; PARFOIS - Dismoda -comercio Y Distribucion Sl  ;Abierto;TP1;General;Fran Ullod - Optima Retail;Principal;619780306;1898@stores.parfois.com, manager.1898@stores.parfois.com;ESP;SI
P21S/05192;PARFOIS - SPAIN, Logroño, Gran Vía, Av. Juan Carlos I, 32 (1786);13/08/2021;;;7; PARFOIS - Dismoda -comercio Y Distribucion Sl  ;Abierto;TP1;General;Fran Ullod - Optima Retail;Principal;618038132;1786@stores.parfois.com, manager.1786@stores.parfois.com;ESP;SI
P21S/03969;PARFOIS - SPAIN, Madrid Calle Princesa, C/ Princesa, 59 (1905);27/07/2021;;;7; PARFOIS - Dismoda -comercio Y Distribucion Sl  ;Abierto;TP1;General;Fran Ullod - Optima Retail;Principal;629875847;1905@stores.parfois.com, manager.1905@stores.parfois.com;ESP;SI
P21S/05558;PARFOIS - SPAIN, Madrid,  Aeropuerto Madrid T1, Av. De la Hispanidad, s/n (16027);18/10/2021;;;7; PARFOIS - Dismoda -comercio Y Distribucion Sl  ;Abierto;TP1;General;Ariadna Toquero - Optima Retail (EQ7);Principal;686074475;16027@stores.parfois.com, manager.16027@stores.parfois.com;ESP;SI
P21S/05651;PARFOIS - SPAIN, Madrid,  ECI Princesa, C/Princesa ,47 (7402);22/10/2021;;;7; PARFOIS - Dismoda -comercio Y Distribucion Sl  ;Abierto;TP1;General;Fran Ullod - Optima Retail;Principal;636166135;7402@stores.parfois.com, manager.7402@stores.parfois.com;ESP;SI
P21S/05887;PARFOIS - SPAIN, Madrid, Aeropuerto Madrid T4, Av. De la Hispanidad, s/n (16790);01/11/2021;;;7; PARFOIS - Dismoda -comercio Y Distribucion Sl  ;Abierto;TP1;General;Ariadna Toquero - Optima Retail (EQ7);Principal;;;ESP;SI
P21S/05258;PARFOIS - SPAIN, Madrid, Aranjuez, Calle Stuart, 81 (16255);23/08/2021;;;7; PARFOIS - Dismoda -comercio Y Distribucion Sl  ;Abierto;TP1;General;Fran Ullod - Optima Retail;Principal;637408135;16255@stores.parfois.com, manager.16255@stores.parfois.com;ESP;SI
P21S/03972;PARFOIS - SPAIN, Madrid, Calle Alcalá, C/ Alcalá, 157 (10901);27/07/2021;;;7; PARFOIS - Dismoda -comercio Y Distribucion Sl  ;Abierto;TP1;General;Fran Ullod - Optima Retail;Principal;679150536;10901@stores.parfois.com, manager.10901@stores.parfois.com;ESP;SI
P21S/05220;PARFOIS - SPAIN, Madrid, Calle Preciados, 7 (1872);16/08/2021;;;7; PARFOIS - Dismoda -comercio Y Distribucion Sl  ;Abierto;TP1;General;Fran Ullod - Optima Retail;Principal;628229586;1872@stores.parfois.com, manager.1872@stores.parfois.com;ESP;SI
P21S/05272;PARFOIS - SPAIN, Madrid, CC Alcalá Magna, C/ Valentín Juara Bellot, 4 (1801);26/08/2021;;;7; PARFOIS - Dismoda -comercio Y Distribucion Sl  ;Abierto;TP1;General;Fran Ullod - Optima Retail;Principal;608189040;1801@stores.parfois.com, manager.1801@stores.parfois.com;ESP;SI
P21S/05006;PARFOIS - SPAIN, Madrid, CC Factory Getafe, Av. del Río Guadalquivir, 15 (1887);04/08/2021;;;7; PARFOIS - Dismoda -comercio Y Distribucion Sl  ;Abierto;TP1;General;Fran Ullod - Optima Retail;Principal;646268895;1887@stores.parfois.com, manager.1887@stores.parfois.com;ESP;SI
P21S/05449;PARFOIS - SPAIN, Madrid, CC Fifty Factory,  C/ Salvador Madariaga, s/n (1845);06/10/2021;;;7; PARFOIS - Dismoda -comercio Y Distribucion Sl  ;Abierto;TP1;General;Ariadna Toquero - Optima Retail (EQ7);Principal;628231805;1845@stores.parfois.com, manager.1845@stores.parfois.com;ESP;SI
P21S/05086;PARFOIS - SPAIN, Madrid, CC Gran Plaza 2, C/ de los Químicos, 2 (1846);09/08/2021;;;7; PARFOIS - Dismoda -comercio Y Distribucion Sl  ;Abierto;TP1;General;Fran Ullod - Optima Retail;Principal;628224833;1846@stores.parfois.com, manager.1846@stores.parfois.com;ESP;SI
P21S/05283;PARFOIS - SPAIN, Madrid, CC Gran Vía Hortaleza, C/ Gran Vía Hortaleza, s/n (1869);30/08/2021;;;7; PARFOIS - Dismoda -comercio Y Distribucion Sl  ;Abierto;TP1;General;Fran Ullod - Optima Retail;Principal;628232279;1869@stores.parfois.com, manager.1869@stores.parfois.com;ESP;SI
P21S/05809;PARFOIS - SPAIN, Madrid, CC H2O, C/ Marie Curie, 4 (9102);25/10/2021;;;7; PARFOIS - Dismoda -comercio Y Distribucion Sl  ;Abierto;TP1;General;Fran Ullod - Optima Retail;Principal;608014108;9102@stores.parfois.com, manager.9102@stores.parfois.com;ESP;SI
P21S/05808;PARFOIS - SPAIN, Madrid, CC Islazul, C/ Calderilla, 1 (13600);25/10/2021;;;7; PARFOIS - Dismoda -comercio Y Distribucion Sl  ;Abierto;TP1;General;Fran Ullod - Optima Retail;Principal;619773126;13600@stores.parfois.com, manager.13600@stores.parfois.com;ESP;SI
P21S/05080;PARFOIS - SPAIN, Madrid, CC La Vaguada, Av. Monforte Lemos, 36 (1907);06/08/2021;;;8; PARFOIS - Dismoda -comercio Y Distribucion Sl  ;Abierto;TP1;General;Fran Ullod - Optima Retail;Principal;628227529;1907@stores.parfois.com, manager.1907@stores.parfois.com;ESP;SI
P21S/03971;PARFOIS - SPAIN, Madrid, CC Las Rosas, Av. de Guadalajara, 2 (16638);27/07/2021;;;8; PARFOIS - Dismoda -comercio Y Distribucion Sl  ;Abierto;TP1;General;Fran Ullod - Optima Retail;Principal;618090323;16638@stores.parfois.com, manager.16638@stores.parfois.com;ESP;SI
P21S/05806;PARFOIS - SPAIN, Madrid, CC Outlet Las Rozas, Av del Noroeste, 2 (10908);25/10/2021;;;8; PARFOIS - Dismoda -comercio Y Distribucion Sl  ;Abierto;TP1;General;Fran Ullod - Optima Retail;Principal;618090323;10908@stores.parfois.com, manager.10908@stores.parfois.com;ESP;SI
P21S/05197;PARFOIS - SPAIN, Madrid, CC Parque Sur, Av. Gran Bretaña s/n (1867);13/08/2021;;;8; PARFOIS - Dismoda -comercio Y Distribucion Sl  ;Abierto;TP1;General;Fran Ullod - Optima Retail;Principal;636312547;1867@stores.parfois.com, manager.1867@stores.parfois.com;ESP;SI
P21S/05087;PARFOIS - SPAIN, Madrid, CC Plaza Éboli, Av. Pablo Picasso, s/n (16069);09/08/2021;;;8; PARFOIS - Dismoda -comercio Y Distribucion Sl  ;Abierto;TP1;General;Fran Ullod - Optima Retail;Principal;650209061;16069@stores.parfois.com, manager.16069@stores.parfois.com;ESP;SI
P21S/05214;PARFOIS - SPAIN, Madrid, CC Plaza Norte 2, Plaza del Comercio, 11-12 (1879);16/08/2021;;;8; PARFOIS - Dismoda -comercio Y Distribucion Sl  ;Abierto;TP1;General;Fran Ullod - Optima Retail;Principal;619518446;1879@stores.parfois.com, manager.1879@stores.parfois.com;ESP;SI
P21S/05597;PARFOIS - SPAIN, Madrid, CC Plaza Rio 2, Av. del Manzanares, 210 (16088);22/10/2021;;;8; PARFOIS - Dismoda -comercio Y Distribucion Sl  ;Abierto;TP1;General;Fran Ullod - Optima Retail;Principal;681330771;16088@stores.parfois.com, manager.16088@stores.parfois.com;ESP;SI
P21S/05319;PARFOIS - SPAIN, Madrid, CC Plenilunio, Calle Aracne, s/n PI Las Mercedes (7000);10/09/2021;;;8; PARFOIS - Dismoda -comercio Y Distribucion Sl  ;Abierto;TP1;General;Fran Ullod - Optima Retail;Principal;917476175;7000@stores.parfois.com, manager.7000@stores.parfois.com;ESP;SI
P21S/05310;PARFOIS - SPAIN, Madrid, CC Príncipe Pio, Paseo Florida, 2 (1892);08/09/2021;;;8; PARFOIS - Dismoda -comercio Y Distribucion Sl  ;Abierto;TP1;General;Fran Ullod - Optima Retail;Principal;628227540;1892@stores.parfois.com, manager.1892@stores.parfois.com;ESP;SI
P21S/05807;PARFOIS - SPAIN, Madrid, CC Tres Aguas, Av. De América 7-9 (15600);25/10/2021;;;8; PARFOIS - Dismoda -comercio Y Distribucion Sl  ;Abierto;TP1;General;Fran Ullod - Optima Retail;Principal;608524375;15600@stores.parfois.com, manager.15600@stores.parfois.com;ESP;SI
P21S/05326;PARFOIS - SPAIN, Madrid, CC Xanadu, C/ Puerto de Navacerrada, s/n (1851);14/09/2021;;;8; PARFOIS - Dismoda -comercio Y Distribucion Sl  ;Abierto;TP1;General;Fran Ullod - Optima Retail;Principal;636073686;1851@stores.parfois.com, manager.1851@stores.parfois.com;ESP;SI
P21S/05707;PARFOIS - SPAIN, Madrid, ECI Alcalá de Henares , Av. Juan Carlos I, s/n (14400);22/10/2021;;;8; PARFOIS - Dismoda -comercio Y Distribucion Sl  ;Abierto;TP1;General;Fran Ullod - Optima Retail;Principal;616426061;14400@stores.parfois.com, manager.14400@stores.parfois.com;ESP;SI
P21S/05693;PARFOIS - SPAIN, Madrid, ECI Campo Naciones, Av. de los Andes, 50 (1828);22/10/2021;;;8; PARFOIS - Dismoda -comercio Y Distribucion Sl  ;Abierto;TP1;General;Fran Ullod - Optima Retail;Principal;638134907;1828@stores.parfois.com, manager.1828@stores.parfois.com;ESP;SI
P21S/05681;PARFOIS - SPAIN, Madrid, ECI El Bercial, Av. Comandante José Manuel Ripollés, 2 (1913);22/10/2021;;;8; PARFOIS - Dismoda -comercio Y Distribucion Sl  ;Abierto;TP1;General;Fran Ullod - Optima Retail;Principal;628155360;1913@stores.parfois.com, manager.1913@stores.parfois.com;ESP;SI
P21S/05830;PARFOIS - SPAIN, Madrid, ECI Goya, C/ Goya, 87 (11800);26/10/2021;;;8; PARFOIS - Dismoda -comercio Y Distribucion Sl  ;Abierto;TP1;General;Fran Ullod - Optima Retail;Principal;606839021;11800@stores.parfois.com, manager.11800@stores.parfois.com;ESP;SI
P21S/05665;PARFOIS - SPAIN, Madrid, ECI Méndez Álvaro,  C/ de la Retama, 8 (1884);22/10/2021;;;8; PARFOIS - Dismoda -comercio Y Distribucion Sl  ;Abierto;TP1;General;Fran Ullod - Optima Retail;Principal;618623865;1884@stores.parfois.com, manager.1884@stores.parfois.com;ESP;SI
P21S/05856;PARFOIS - SPAIN, Madrid, ECI Parque Sur, Av. de Gran Bretaña, s/n (16574);26/10/2021;;;8; PARFOIS - Dismoda -comercio Y Distribucion Sl  ;Abierto;TP1;General;Fran Ullod - Optima Retail;Principal;636312547;"16574@stores.parfois.com, manager.16574@stores.parfois.com
";ESP;SI
P21S/05653;PARFOIS - SPAIN, Madrid, ECI Pozuelo Pop UP, Ctra. de la Coruña, km 12,5 (16450);22/10/2021;;;8; PARFOIS - Dismoda -comercio Y Distribucion Sl  ;Abierto;TP1;General;Fran Ullod - Optima Retail;Principal;687092930;16450@stores.parfois.com, manager.16450@stores.parfois.com;ESP;SI
P21S/05828;PARFOIS - SPAIN, Madrid, ECI Preciados, C/ Preciados 4-10 (1903);26/10/2021;;;8; PARFOIS - Dismoda -comercio Y Distribucion Sl  ;Abierto;TP1;General;Fran Ullod - Optima Retail;Principal;628204383;1903@stores.parfois.com, manager.1903@stores.parfois.com;ESP;SI
P21S/05642;PARFOIS - SPAIN, Madrid, ECI San Chinarro, C/ Margarita de Parma, 1 (15907);22/10/2021;;;8; PARFOIS - Dismoda -comercio Y Distribucion Sl  ;Abierto;TP1;General;Fran Ullod - Optima Retail;Principal;690908954;15907@stores.parfois.com, manager.15907@stores.parfois.com;ESP;SI
P21S/05855;PARFOIS - SPAIN, Madrid, ECI San Jose de Valderas, Ctra. de Extremadura, km 12 (1906);26/10/2021;;;8; PARFOIS - Dismoda -comercio Y Distribucion Sl  ;Abierto;TP1;General;Fran Ullod - Optima Retail;Principal;608975343;1906@stores.parfois.com, manager.1906@stores.parfois.com;ESP;SI
P21S/05853;PARFOIS - SPAIN, Madrid, ECI Vaguada, Av. Monforte de Lemos, 36 (16295);26/10/2021;;;8; PARFOIS - Dismoda -comercio Y Distribucion Sl  ;Abierto;TP1;General;Fran Ullod - Optima Retail;Principal;637401344;16295@stores.parfois.com, manager.16295@stores.parfois.com;ESP;SI
P21S/05851;PARFOIS - SPAIN, Madrid, ECI Xanadu, C/ Puerto de Navacerrada, 2 (16573);26/10/2021;;;8; PARFOIS - Dismoda -comercio Y Distribucion Sl  ;Abierto;TP1;General;Fran Ullod - Optima Retail;Principal;636073686;"16573@stores.parfois.com, manager.16573@stores.parfois.com
";ESP;SI
P21S/05081;PARFOIS - SPAIN, Madrid, Fuencarral, C/ Fuencarral, 13 (1773);06/08/2021;;;8; PARFOIS - Dismoda -comercio Y Distribucion Sl  ;Abierto;TP1;General;Fran Ullod - Optima Retail;Principal;628228845;1773@stores.parfois.com, manager1773@stores.parfois.com;ESP;SI
P21S/05345;PARFOIS - SPAIN, Madrid, Goya 83,C/ Goya, 83 (20000);17/09/2021;;;5; PARFOIS - Dismoda -comercio Y Distribucion Sl  ;Abierto;TP1;General;Ariadna Toquero - Optima Retail (EQ7);Principal;647402532;20000@stores.parfois.com, manager.20000@stores.parfois.com;ESP;SI
P21S/05007;PARFOIS - SPAIN, Madrid, Gran Vía, C/ Gran Vía, 42 (6900);04/08/2021;;;5; PARFOIS - Dismoda -comercio Y Distribucion Sl  ;Abierto;TP1;General;Fran Ullod - Optima Retail;Principal;616044630;6900@stores.parfois.com, manager.6900@stores.parfois.com;ESP;SI
P21S/05091;PARFOIS - SPAIN, Málaga, Aeropuerto Málaga, Av. Comandante García Morato, s/n (2800);11/08/2021;;;5; PARFOIS - Dismoda -comercio Y Distribucion Sl  ;Abierto;TP1;General;Fran Ullod - Optima Retail;Principal;620339885;2800@stores.parfois.com, manager.2800@stores.parfois.com;ESP;SI
P21S/05980;PARFOIS - SPAIN, Málaga, Antequera, C/ Infante Don Fernando, 42b (11900);15/11/2021;;;5; PARFOIS - Dismoda -comercio Y Distribucion Sl  ;Abierto;TP1;General;Fran Ullod - Optima Retail;Principal;628821891;11900@stores.parfois.com, manager.11900@stores.parfois.com;ESP;SI
P21S/05835;PARFOIS - SPAIN, Malaga, C/ Infante Don Fernando, 42 Bajo - 11900;26/10/2021;;;5; PARFOIS - Dismoda -comercio Y Distribucion Sl  ;Abierto;TP1;General;Fran Ullod - Optima Retail;Principal;628821891;11900@stores.parfois.com, manager.11900@stores.parfois.com;ESP;SI
P21S/05517;PARFOIS - SPAIN, Málaga, Calle Nueva, C/Nueva, 18 (16343);14/10/2021;;;5; PARFOIS - Dismoda -comercio Y Distribucion Sl  ;Abierto;TP1;General;Victor Ballester - Optima Retail (EQ5);Principal;647400124 ;16343@stores.parfois.com, manager.16343@stores.parfois.com;ESP;SI
P21S/03970;PARFOIS - SPAIN, Málaga, CC El Ingenio, Av. del Rey Juan Carlos I, 18 (16520);27/07/2021;;;5; PARFOIS - Dismoda -comercio Y Distribucion Sl  ;Abierto;TP1;General;Fran Ullod - Optima Retail;Principal;647490403;16520@stores.parfois.com, manager.16520@stores.parfois.com;ESP;SI
P21S/05359;PARFOIS - SPAIN, Málaga, CC Larios, Av. de la Aurora, 25 (1774);24/09/2021;;;5; PARFOIS - Dismoda -comercio Y Distribucion Sl  ;Abierto;TP1;General;Fran Ullod - Optima Retail;Principal;626633097;1774@stores.parfois.com, manager.1774@stores.parfois.com;ESP;SI
P21S/05834;PARFOIS - SPAIN, Málaga, CC Los Patios, Av. de Velázquez, 241 (16302);26/10/2021;;;5; PARFOIS - Dismoda -comercio Y Distribucion Sl  ;Abierto;TP1;General;Fran Ullod - Optima Retail;Principal;637442175;16302@stores.parfois.com, manager.16302@stores.parfois.com;ESP;SI
P21S/05096;PARFOIS - SPAIN, Málaga, CC Nostrum Factory Outlet, C/ Jaén, 3 (5201);11/08/2021;;;5; PARFOIS - Dismoda -comercio Y Distribucion Sl  ;Abierto;TP1;General;Fran Ullod - Optima Retail;Principal;628054320;5201@stores.parfois.com, manager.5201@stores.parfois.com;ESP;SI
P21S/05261;PARFOIS - SPAIN, Málaga, CC Plaza Mayor, Alfonso Ponce de León, 3 (1833);24/08/2021;;;5; PARFOIS - Dismoda -comercio Y Distribucion Sl  ;Abierto;TP1;General;Fran Ullod - Optima Retail;Principal;626399376;1833@stores.parfois.com, manager.1833@stores.parfois.com;ESP;SI
P21S/05611;PARFOIS - SPAIN, Málaga, CC Rincón de la Victoria, C/ Arroyo de Totalan, 36 (10907);22/10/2021;;;6; PARFOIS - Dismoda -comercio Y Distribucion Sl  ;Abierto;TP1;General;Fran Ullod - Optima Retail;Principal;638796383;10907@stores.parfois.com, manager.10907@stores.parfois.com;ESP;SI
P21S/05869;PARFOIS - SPAIN, Málaga, CC Rosaleda, Av. Simón Bolívar, s/n (16449);26/10/2021;;;6; PARFOIS - Dismoda -comercio Y Distribucion Sl  ;Abierto;TP1;General;Fran Ullod - Optima Retail;Principal;647450689;16449@stores.parfois.com, manager.16449@stores.parfois.com;ESP;SI
P21S/05322;PARFOIS - SPAIN, Málaga, CC Vialia Estación, Explanada de la Estación, s/n (1847);12/09/2021;;;6; PARFOIS - Dismoda -comercio Y Distribucion Sl  ;Abierto;TP1;General;Fran Ullod - Optima Retail;Principal;647453153;1847@stores.parfois.com, manager.1847@stores.parfois.com;ESP;SI
P21S/05696;PARFOIS - SPAIN, Málaga, ECI Bahía Málaga, C/ Hamlet, 2 (15942);22/10/2021;;;6; PARFOIS - Dismoda -comercio Y Distribucion Sl  ;Abierto;TP1;General;Fran Ullod - Optima Retail;Principal;696938883;15942@stores.parfois.com, manager.15942@stores.parfois.com;ESP;SI
P21S/05587;PARFOIS - SPAIN, Málaga, ECI Málaga, Av de Andalucía, 4 (1794);22/10/2021;;;6; PARFOIS - Dismoda -comercio Y Distribucion Sl  ;Abierto;TP1;General;Fran Ullod - Optima Retail;Principal;648694795;1794@stores.parfois.com, manager.1794@stores.parfois.com;ESP;SI
P21S/05661;PARFOIS - SPAIN, Málaga, ECI Mijas, Ctra. Nacional 340, km 210 (11802);22/10/2021;;;6; PARFOIS - Dismoda -comercio Y Distribucion Sl  ;Abierto;TP1;General;Fran Ullod - Optima Retail;Principal;606793601;;ESP;SI
P21S/05253;PARFOIS - SPAIN, Málaga, Torremolinos San Miguel, C/ San Miguel, 29 derecha (1821);23/08/2021;;;6; PARFOIS - Dismoda -comercio Y Distribucion Sl  ;Abierto;TP1;General;Fran Ullod - Optima Retail;Principal;608793263;1821@stores.parfois.com, manager.1821@stores.parfois.com;ESP;SI
P21S/05325;PARFOIS - SPAIN, Marbella, CC La Cañada, Ctra Ojen, s/n (1865) ;14/09/2021;;;6; PARFOIS - Dismoda -comercio Y Distribucion Sl  ;Abierto;TP1;General;Fran Ullod - Optima Retail;Principal;628224916;1865@stores.parfois.com, manager1865@stores.parfois.com;ESP;SI
P21S/05825;PARFOIS - SPAIN, Marbella, CC Marina Banús , C/ Ramón Areces, s/n (16254);26/10/2021;;;6; PARFOIS - Dismoda -comercio Y Distribucion Sl  ;Abierto;TP1;General;Fran Ullod - Optima Retail;Principal;637408212;16254@stores.parfois.com, manager16254@stores.parfois.com;ESP;SI
P21S/05089;PARFOIS - SPAIN, Marbella, ECI Marbella, C/ Ramón Areces, s/n (14000);10/08/2021;;;6; PARFOIS - Dismoda -comercio Y Distribucion Sl  ;Abierto;TP1;General;Fran Ullod - Optima Retail;Principal;626895889;14000@stores.parfois.com, manager.14000@stores.parfois.com;ESP;SI
P21S/05831;PARFOIS - SPAIN, Marbella, Ricardo Soriano, Av. Ricardo Soriano,14 (10903);26/10/2021;;;6; PARFOIS - Dismoda -comercio Y Distribucion Sl  ;Abierto;TP1;General;Fran Ullod - Optima Retail;Principal;636226388;10903@stores.parfois.com, manager.10903@stores.parfois.com;ESP;SI
P21S/05838;PARFOIS - SPAIN, Murcia, Calle Platerías, C/ Platerías, 29 (1822);26/10/2021;;;6; PARFOIS - Dismoda -comercio Y Distribucion Sl  ;Abierto;TP1;General;Fran Ullod - Optima Retail;Principal;636311603;;ESP;SI
P21S/05839;PARFOIS - SPAIN, Murcia, CC Dos Mares, Nacional 332 km 34 (1917);26/10/2021;;;6; PARFOIS - Dismoda -comercio Y Distribucion Sl  ;Abierto;TP1;General;Fran Ullod - Optima Retail;Principal;609126190;1917@stores.parfois.com, manager.1917@stores.parfois.com;ESP;SI
P21S/05311;PARFOIS - SPAIN, Murcia, Constitución, Av. de la Constitución, 7 (16571);09/09/2021;;;6; PARFOIS - Dismoda -comercio Y Distribucion Sl  ;Abierto;TP1;General;Fran Ullod - Optima Retail;Principal;647431068;16571@stores.parfois.com, manager.16571@stores.parfois.com;ESP;SI
P21S/05691;PARFOIS - SPAIN, Murcia, ECI Cartagena, C/ Alameda de San Anton, 52 (1835);22/10/2021;;;6; PARFOIS - Dismoda -comercio Y Distribucion Sl  ;Abierto;TP1;General;Fran Ullod - Optima Retail;Principal;636191874;1835@stores.parfois.com, manager.1835@stores.parfois.com;ESP;SI
P21S/05829;PARFOIS - SPAIN, Murcia, ECI Murcia, Av. de la Libertad, 1 (1810);26/10/2021;;;6; PARFOIS - Dismoda -comercio Y Distribucion Sl  ;Abierto;TP1;General;Fran Ullod - Optima Retail;Principal;648694793;1810@stores.parfois.com, manager.1810@stores.parfois.com;ESP;SI
P21S/05229;PARFOIS - SPAIN, Murcia, Gran Vía, Gran Vía del Escultor Francisco Salzillo, 19 (16575);18/08/2021;;;6; PARFOIS - Dismoda -comercio Y Distribucion Sl  ;Abierto;TP1;General;Fran Ullod - Optima Retail;Principal;637401944;16575@stores.parfois.com, manager.16575@stores.parfois.com;ESP;SI
P21S/05362;PARFOIS - SPAIN, Ourense, Paseo Ourense, C/ de Paseo, 37 (1823);27/09/2021;;;6; PARFOIS - Dismoda -comercio Y Distribucion Sl  ;Abierto;TP1;General;Fran Ullod - Optima Retail;Principal;638134893;1823@stores.parfois.com, manager.1823@stores.parfois.com;ESP;SI
P21S/05857;PARFOIS - SPAIN, Oviedo, ECI Oviedo, C/ Uria, 9 (16433);26/10/2021;;;6; PARFOIS - Dismoda -comercio Y Distribucion Sl  ;Abierto;TP1;General;Fran Ullod - Optima Retail;Principal;647450591  ;16433@stores.parfois.com, manager.16433@stores.parfois.com;ESP;SI
P21S/05094;PARFOIS - SPAIN, Palma Mallorca, Aeropuerto Mallorca (16024);16/08/2021;;;6; PARFOIS - Dismoda -comercio Y Distribucion Sl  ;Abierto;TP1;General;Fran Ullod - Optima Retail;Principal;650818557;16024@stores.parfois.com, manager.16024@stores.parfois.com;ESP;SI
P21S/05328;PARFOIS - SPAIN, Palma Mallorca, Calle Jaime III, C/ Jaime III, 16 (1839);15/09/2021;;;6; PARFOIS - Dismoda -comercio Y Distribucion Sl  ;Abierto;TP1;General;Ariadna Toquero - Optima Retail (EQ7);Principal;636187460;1839@stores.parfois.com, manager.1839@stores.parfois.com;ESP;SI
P21S/05824;PARFOIS - SPAIN, Palma Mallorca, Calle Sant Miquel, C/ Sant Miquel, 51 (16780);26/10/2021;;;4; PARFOIS - Dismoda -comercio Y Distribucion Sl  ;Abierto;TP1;General;Fran Ullod - Optima Retail;Principal;637430954;16780@stores.parfois.com, manager.16780@stores.parfois.com;ESP;SI
P21S/05251;PARFOIS - SPAIN, Palma Mallorca, CC Fan Mallorca Shopping, C/ del Cardenal Rossell, s/n (14500);23/08/2021;;;4; PARFOIS - Dismoda -comercio Y Distribucion Sl  ;Abierto;TP1;General;Fran Ullod - Optima Retail;Principal;636999835;14500@stores.parfois.com, manager.14500@stores.parfois.com;ESP;SI
P21S/05008;PARFOIS - SPAIN, Palma Mallorca, CC Porto Pi, Av. de Gabriel Roca, 54 (3901);05/08/2021;;;4; PARFOIS - Dismoda -comercio Y Distribucion Sl  ;Abierto;TP1;General;Fran Ullod - Optima Retail;Principal;636673315;3901@stores.parfois.com, manager.3901@stores.parfois.com;ESP;SI
P21S/05585;PARFOIS - SPAIN, Palma Mallorca, ECI Palma, Av. Alexandre Roselló, 12-16 (1904);22/10/2021;;;4; PARFOIS - Dismoda -comercio Y Distribucion Sl  ;Abierto;TP1;General;Fran Ullod - Optima Retail;Principal;619784191;1904@stores.parfois.com, manager.1904@stores.parfois.com;ESP;SI
P21S/05223;PARFOIS - SPAIN, Pamplona, Cordovilla CC La Morea, Ctra. La Morea s/n (1784);17/08/2021;;;4; PARFOIS - Dismoda -comercio Y Distribucion Sl  ;Abierto;TP1;General;Fran Ullod - Optima Retail;Principal;648234602;1784@stores.parfois.com, manager.1784@stores.parfois.com;ESP;SI
P21S/05659;PARFOIS - SPAIN, Pamplona, ECI Pamplona, C/ Estella, 9 (16431);22/10/2021;;;4; PARFOIS - Dismoda -comercio Y Distribucion Sl  ;Abierto;TP1;General;Fran Ullod - Optima Retail;Principal;647450769;16431@stores.parfois.com, manager.16431@stores.parfois.com;ESP;SI
P21S/05814;PARFOIS - SPAIN, Pamplona, Tudela, Av. Zaragoza, 2 (15904);25/10/2021;;;4; PARFOIS - Dismoda -comercio Y Distribucion Sl  ;Abierto;TP1;General;Fran Ullod - Optima Retail;Principal;637401468;15904@stores.parfois.com, manager.15904@stores.parfois.com;ESP;SI
P21S/05560;PARFOIS - SPAIN, Ponferrada, CC El Rosal, Av. de la Constitución, 2 (15956) ;19/10/2021;;;4; PARFOIS - Dismoda -comercio Y Distribucion Sl  ;Abierto;TP1;General;Ariadna Toquero - Optima Retail (EQ7);Principal;696210404;15956@stores.parfois.com, manager.15956@stores.parfois.com;ESP;SI
P21S/05320;PARFOIS - SPAIN, Pontevedra, Benito Corbal, C/ Benito Corbal,17 (1800);10/09/2021;;;4; PARFOIS - Dismoda -comercio Y Distribucion Sl  ;Abierto;TP1;General;Fran Ullod - Optima Retail;Principal;628227550;1800@stores.parfois.com, manager.1800@stores.parfois.com;ESP;SI
P21S/05629;PARFOIS - SPAIN, Pontevedra, ECI Vigo, Av. de Gran Vía, 25 (1795);22/10/2021;;;4; PARFOIS - Dismoda -comercio Y Distribucion Sl  ;Abierto;TP1;General;Fran Ullod - Optima Retail;Principal;628034962;1795@stores.parfois.com, manager.1795@stores.parfois.com;ESP;SI
P21S/05001;PARFOIS - SPAIN, Pontevedra, Tui CC Outletui Fashion Center,  Autovia AP9/A55, s/n (1840);02/08/2021;;;4; PARFOIS - Dismoda -comercio Y Distribucion Sl  ;Abierto;TP1;General;Fran Ullod - Optima Retail;Principal;648694802;1840@stores.parfois.com, manager.1840@stores.parfois.com;ESP;SI
P21S/05228;PARFOIS - SPAIN, Pontevedra, Vigo Calle Príncipe, C/ Príncipe, 31 (1859);18/08/2021;;;4; PARFOIS - Dismoda -comercio Y Distribucion Sl  ;Abierto;TP1;General;Fran Ullod - Optima Retail;Principal;628227849;1859@stores.parfois.com, manager.1859@stores.parfois.com;ESP;SI
P21S/05428;PARFOIS - SPAIN, Pontevedra, Vigo Calle Urzaiz, C/ Urzaiz, 48 (14700);04/10/2021;;;4; PARFOIS - Dismoda -comercio Y Distribucion Sl  ;Abierto;TP1;General;Ariadna Toquero - Optima Retail (EQ7);Principal;608112673;14700@stores.parfois.com, manager.14700@stores.parfois.com;ESP;SI
P21S/05281;PARFOIS - SPAIN, Portugalete, CC Ballonti, Av. de Ballonti, 1 (1864);27/08/2021;;;4; PARFOIS - Dismoda -comercio Y Distribucion Sl  ;Abierto;TP1;General;Fran Ullod - Optima Retail;Principal;648694819;1864@stores.parfois.com, manager.1864@stores.parfois.com;ESP;SI
P21S/05324;PARFOIS - SPAIN, Salamanca, Calle Toro, C/ Toro,44 (1770);14/09/2021;;;4; PARFOIS - Dismoda -comercio Y Distribucion Sl  ;Abierto;TP1;General;Fran Ullod - Optima Retail;Principal;628696871;1770@stores.parfois.com, manager.1770@stores.parfois.com;ESP;SI
P21S/05092;PARFOIS - SPAIN, Salamanca, CC Tormes,  Av. Salamanca, 11 (15929);11/08/2021;;;4; PARFOIS - Dismoda -comercio Y Distribucion Sl  ;Abierto;TP1;General;Fran Ullod - Optima Retail;Principal;690900808;15929@stores.parfois.com, manager.15929@stores.parfois.com;ESP;SI
P21S/05644;PARFOIS - SPAIN, Salamanca, ECI Salamanca, C/ Maria Auxiliadora 71-85 (3502);22/10/2021;;;4; PARFOIS - Dismoda -comercio Y Distribucion Sl  ;Abierto;TP1;General;Fran Ullod - Optima Retail;Principal;616247952;3502@stores.parfois.com, manager.3502@stores.parfois.com;ESP;SI
P21S/05521;PARFOIS - SPAIN, Santander, CC Valle Real, C/ Alday s/n Camargo (1875);15/10/2021;;;4; PARFOIS - Dismoda -comercio Y Distribucion Sl  ;Abierto;TP1;General;Ariadna Toquero - Optima Retail (EQ7);Principal;619780895;1875@stores.parfois.com, manager.1875@stores.parfois.com;ESP;SI
P21S/05854;PARFOIS - SPAIN, Santander, ECI Santander, C/ Nueva Montaña, s/n (16339);26/10/2021;;;4; PARFOIS - Dismoda -comercio Y Distribucion Sl  ;Abierto;TP1;General;Fran Ullod - Optima Retail;Principal;;"16339@stores.parfois.com, manager.16339@stores.parfois.com
";ESP;SI
P21S/05287;PARFOIS - SPAIN, Santander, Santander, C/ Amos de Escalante, 4 (1886);31/08/2021;;;4; PARFOIS - Dismoda -comercio Y Distribucion Sl  ;Abierto;TP1;General;Fran Ullod - Optima Retail;Principal;636313045;1886@stores.parfois.com, manager.1886@stores.parfois.com;ESP;SI
P21S/05353;PARFOIS - SPAIN, Segovia, Calle Juan Bravo, C/ Juan Bravo, 8 (1815);22/09/2021;;;4; PARFOIS - Dismoda -comercio Y Distribucion Sl  ;Abierto;TP1;General;Ariadna Toquero - Optima Retail (EQ7);Principal;628225278;1815@stores.parfois.com, manager.1815@stores.parfois.com;ESP;SI
P21S/05098;PARFOIS - SPAIN, Sevilla , CC Torre Sevilla, C/ Gonzalo Jiménez de Quesada, 2 (16340);12/08/2021;;;4; PARFOIS - Dismoda -comercio Y Distribucion Sl  ;Abierto;TP1;General;Fran Ullod - Optima Retail;Principal;647453111;16340@stores.parfois.com, manager.16340@stores.parfois.com;ESP;SI
P21S/05618;PARFOIS - SPAIN, Sevilla, Aeropuerto Sevilla, Ctra Nacional IV, km 532 (14300);22/10/2021;;;4; PARFOIS - Dismoda -comercio Y Distribucion Sl  ;Abierto;TP1;General;Fran Ullod - Optima Retail;Principal;619359433;14300@stores.parfois.com, manager.14300@stores.parfois.com;ESP;SI
P21S/05298;PARFOIS - SPAIN, Sevilla, Calle Asunción, C/ Asunción, 29 (8001);03/09/2021;;;4; PARFOIS - Dismoda -comercio Y Distribucion Sl  ;Abierto;TP1;General;Fran Ullod - Optima Retail;Principal;646334352;8001@stores.parfois.com, manager.8001@stores.parfois.com;ESP;SI
P21S/05241;PARFOIS - SPAIN, Sevilla, Calle Velázquez, C/ Velazquez,3 (1920);18/08/2021;;;4; PARFOIS - Dismoda -comercio Y Distribucion Sl  ;Abierto;TP1;General;Fran Ullod - Optima Retail;Principal;608249502;1920@stores.parfois.com, manager.1920@stores.parfois.com;ESP;SI
P21S/05090;PARFOIS - SPAIN, Sevilla, CC Alcores,  Autovía A92, km 8,8 Alcalá de Guadaira (8000);10/08/2021;;;4; PARFOIS - Dismoda -comercio Y Distribucion Sl  ;Abierto;TP1;General;Fran Ullod - Optima Retail;Principal;676607587;8000@stores.parfois.com, manager.8000@stores.parfois.com;ESP;SI
P21S/05577;PARFOIS - SPAIN, Sevilla, CC Nervión, C/ Luis de Morales, 3 (1816);22/10/2021;;;4; PARFOIS - Dismoda -comercio Y Distribucion Sl  ;Abierto;TP1;General;Fran Ullod - Optima Retail;Principal;636313271;1816@stores.parfois.com, manager.1816@stores.parfois.com;ESP;SI
P21S/05312;PARFOIS - SPAIN, Sevilla, CC Outlet Sevilla Factory Dos Hermanas, Ctra, Sevilla - Cadiz (16301);09/09/2021;;;4; PARFOIS - Dismoda -comercio Y Distribucion Sl  ;Abierto;TP1;General;Fran Ullod - Optima Retail;Principal;637478389;16301@stores.parfois.com, manager.16301@stores.parfois.com;ESP;SI
P21S/05268;PARFOIS - SPAIN, Sevilla, CC Style Outlet, Autovía A-4 km 528 PI Los Espartales San José de la Rinconada (1849);24/08/2021;;;4; PARFOIS - Dismoda -comercio Y Distribucion Sl  ;Abierto;TP1;General;Fran Ullod - Optima Retail;Principal;620784890;1849@stores.parfois.com, manager.1849@stores.parfois.com;ESP;SI
P21S/05586;PARFOIS - SPAIN, Sevilla, ECI Nervión, C/ Luis Montoto, 122D (16100);22/10/2021;;;4; PARFOIS - Dismoda -comercio Y Distribucion Sl  ;Abierto;TP1;General;Fran Ullod - Optima Retail;Principal;683311768;16100@stores.parfois.com, manager.16100@stores.parfois.com;ESP;SI
P21S/05639;PARFOIS - SPAIN, Sevilla, ECI San Juan de Aznalfarache, Av. de las Erillas, s/n (16094);22/10/2021;;;4; PARFOIS - Dismoda -comercio Y Distribucion Sl  ;Abierto;TP1;General;Fran Ullod - Optima Retail;Principal;681333411;16094@stores.parfois.com, manager.16094@stores.parfois.com;ESP;SI
P21S/05568;PARFOIS - SPAIN, Sevilla, ECI Sevilla Duque, Pl. del Duque de la Victoria, 13 - (1853);22/10/2021;;;5; PARFOIS - Dismoda -comercio Y Distribucion Sl  ;Abierto;TP1;General;Fran Ullod - Optima Retail;Principal;628155548;1853@stores.parfois.com, manager.1853@stores.parfois.com;ESP;SI
P21S/05455;PARFOIS - SPAIN, Sevilla, Ecija CC N4, Av. del Genil, s/n (1923);07/10/2021;;;5; PARFOIS - Dismoda -comercio Y Distribucion Sl  ;Abierto;TP1;General;Ariadna Toquero - Optima Retail (EQ7);Principal;609416954;1923@stores.parfois.com, manager.1923@stores.parfois.com;ESP;SI
P21S/05514;PARFOIS - SPAIN, Sevilla, San Eloy, C/ San Eloy, 18 (16527);08/10/2021;;;5; PARFOIS - Dismoda -comercio Y Distribucion Sl  ;Abierto;TP1;General;Victor Ballester - Optima Retail (EQ5);Principal;609416954;1923@stores.parfois.com, manager.1923@stores.parfois.com;ESP;SI
P21S/05308;PARFOIS - SPAIN, Soria, Calle Collado, C/ Collado, 11 (3101);08/09/2021;;;5; PARFOIS - Dismoda -comercio Y Distribucion Sl  ;Abierto;TP1;General;Fran Ullod - Optima Retail;Principal;639382842;3101@stores.parfois.com, manager.3101@stores.parfois.com;ESP;SI
P19/00529;PARFOIS - Spain, Talavera de la Reina, Calle San Francisco 20-22;16/08/2019;;;5;Optima Building Service, S.L.;Abierto;TP1;General;Fran Ullod - Optima Retail;Principal;616960708;;ESP;SI
P21S/05191;PARFOIS - SPAIN, Tarragona, CC Parc Central, C/ Vidal i Barraquer, 15 (1772) ;13/08/2021;;;5; PARFOIS - Dismoda -comercio Y Distribucion Sl  ;Abierto;TP1;General;Fran Ullod - Optima Retail;Principal;608524375;1772@stores.parfois.com, manager.1772@stores.parfois.com;ESP;SI
P21S/05088;PARFOIS - SPAIN, Tarragona, Comte de Rius, C/ del Comte de Rius, 17 (16455);10/08/2021;;;3; PARFOIS - Dismoda -comercio Y Distribucion Sl  ;Abierto;TP1;General;Fran Ullod - Optima Retail;Principal;647420175;16455@stores.parfois.com, manager.16455@stores.parfois.com;ESP;SI
P21S/05634;PARFOIS - SPAIN, Tarragona, ECI Tarragona, Rambla del President LLuis Companys, 7 (7602);22/10/2021;;;3; PARFOIS - Dismoda -comercio Y Distribucion Sl  ;Abierto;TP1;General;Fran Ullod - Optima Retail;Principal;626125708;7602@stores.parfois.com, manager.7602@stores.parfois.com;ESP;SI
P21S/05327;PARFOIS - SPAIN, Tarragona, Reus CC La Fira, Av. de Sant Jordi, 6 (3400);15/09/2021;;;3; PARFOIS - Dismoda -comercio Y Distribucion Sl  ;Abierto;TP1;General;Fran Ullod - Optima Retail;Principal;606920339;3400@stores.parfois.com, manager.3400@stores.parfois.com;ESP;SI
P21S/05865;PARFOIS - SPAIN, Tarragona, Reus, C/ Carrer de Llovera, 1 (16639);26/10/2021;;;3; PARFOIS - Dismoda -comercio Y Distribucion Sl  ;Abierto;TP1;General;Fran Ullod - Optima Retail;Principal;637466223;16639@stores.parfois.com, manager.16639@stores.parfois.com;ESP;SI
P21S/05580;PARFOIS - SPAIN, Tenerife, ECI Tenerife, Av. Tres de Mayo, 7 (14100);22/10/2021;;;3; PARFOIS - Dismoda -comercio Y Distribucion Sl  ;Abierto;TP1;General;Fran Ullod - Optima Retail;Principal;638305214;14100@stores.parfois.com, manager.14100@stores.parfois.com;ESP;SI
P21S/05270;PARFOIS - SPAIN, Toledo, CC Luz Tajo, Av. Rio Boladiez, s/n (1826);25/08/2021;;;3; PARFOIS - Dismoda -comercio Y Distribucion Sl  ;Abierto;TP1;General;Fran Ullod - Optima Retail;Principal;628227795;1826@stores.parfois.com, manager.1826@stores.parfois.com;ESP;SI
P21S/05242;PARFOIS - SPAIN, Valencia, Aldaia CC Bonaire, Ctra. A3, Km 345 (1779);18/08/2021;;;3; PARFOIS - Dismoda -comercio Y Distribucion Sl  ;Abierto;TP1;General;Fran Ullod - Optima Retail;Principal;628229236;1779@stores.parfois.com, manager.1779@stores.parfois.com;ESP;SI
P21S/05307;PARFOIS - SPAIN, Valencia, Castellón Del Medio, C/ del medio 27 (1890);07/09/2021;;;3; PARFOIS - Dismoda -comercio Y Distribucion Sl  ;Abierto;TP1;General;Fran Ullod - Optima Retail;Principal;646268941;1890@stores.parfois.com, manager.1890@stores.parfois.com;ESP;SI
P21S/05812;PARFOIS - SPAIN, Valencia, CC Alfafar, Av. de la Albufera, s/n (3001);25/10/2021;;;3; PARFOIS - Dismoda -comercio Y Distribucion Sl  ;Abierto;TP1;General;Fran Ullod - Optima Retail;Principal;606546694;3001@stores.parfois.com, manager.3001@stores.parfois.com;ESP;SI
P21S/05569;PARFOIS - SPAIN, Valencia, CC Aqua, C/ de Menorca, 19 (1818);22/10/2021;;;3; PARFOIS - Dismoda -comercio Y Distribucion Sl  ;Abierto;TP1;General;Fran Ullod - Optima Retail;Principal;628233090;1818@stores.parfois.com, manager.1818@stores.parfois.com;ESP;SI
P21S/05813;PARFOIS - SPAIN, Valencia, CC Arena, C/ Santa Genoveva Torres, 21 (1819);25/10/2021;;;3; PARFOIS - Dismoda -comercio Y Distribucion Sl  ;Abierto;TP1;General;Fran Ullod - Optima Retail;Principal;628229593;1819@stores.parfois.com, manager.1819@stores.parfois.com;ESP;SI
P21S/05811;PARFOIS - SPAIN, Valencia, CC El Saler, Autovía del Saler, 16 (1855);25/10/2021;;;3; PARFOIS - Dismoda -comercio Y Distribucion Sl  ;Abierto;TP1;General;Fran Ullod - Optima Retail;Principal;636312687;1855@stores.parfois.com, manager.1855@stores.parfois.com;ESP;SI
P21S/05599;PARFOIS - SPAIN, Valencia, CC Nuevo Centro, Av. Pio XII, 2 (1900);22/10/2021;;;2; PARFOIS - Dismoda -comercio Y Distribucion Sl  ;Abierto;TP1;General;Fran Ullod - Optima Retail;Principal;646268915;1900@stores.parfois.com, manager.1900@stores.parfois.com;ESP;SI
P21S/05290;PARFOIS - SPAIN, Valencia, CC Outlet Bonaire - Ctra. A3, km 345 (12604);01/09/2021;;;2; PARFOIS - Dismoda -comercio Y Distribucion Sl  ;Abierto;TP1;General;Fran Ullod - Optima Retail;Principal;646279754;12604@stores.parfois.com, manager.12604@stores.parfois.com;ESP;SI
P21S/05200;PARFOIS - SPAIN, Valencia, Colón, C/ de Colón, 42 (1831);13/08/2021;;;2; PARFOIS - Dismoda -comercio Y Distribucion Sl  ;Abierto;TP1;General;Fran Ullod - Optima Retail;Principal;619519177;1831@stores.parfois.com, manager.1831@stores.parfois.com;ESP;SI
P21S/05703;PARFOIS - SPAIN, Valencia, ECI Avenida Francia, C/ Pintor Maella, 37 (7201);22/10/2021;;;2; PARFOIS - Dismoda -comercio Y Distribucion Sl  ;Abierto;TP1;General;Fran Ullod - Optima Retail;Principal;638067851;7201@stores.parfois.com, manager.7201@stores.parfois.com;ESP;SI
P21S/05584;PARFOIS - SPAIN, Valencia, ECI Sorolla, C/ Pintor Sorolla, 26 (16041);22/10/2021;;;2; PARFOIS - Dismoda -comercio Y Distribucion Sl  ;Abierto;TP1;General;Fran Ullod - Optima Retail;Principal;;16041@stores.parfois.com, manager.16041@stores.parfois.com;ESP;SI
P21S/05196;PARFOIS - SPAIN, Valencia, Juan de Austria, C/ Juan de Austria, 24 (1856);13/08/2021;;;2; PARFOIS - Dismoda -comercio Y Distribucion Sl  ;Abierto;TP1;General;Fran Ullod - Optima Retail;Principal;626853301;1856@stores.parfois.com, manager.1856@stores.parfois.com;ESP;SI
P21S/05601;PARFOIS - SPAIN, Valencia, San Vicente, C/ San Vicente Mártir, 6 (1918);22/10/2021;;;2; PARFOIS - Dismoda -comercio Y Distribucion Sl  ;Abierto;TP1;General;Fran Ullod - Optima Retail;Principal;636076371;1918@stores.parfois.com, manager.1918@stores.parfois.com;ESP;SI
P21S/05840;PARFOIS - SPAIN, Valladolid, CC Río Shopping, C/ Me Falta Un Tornillo, s/n (13900);26/10/2021;;;2; PARFOIS - Dismoda -comercio Y Distribucion Sl  ;Abierto;TP1;General;Fran Ullod - Optima Retail;Principal;646646784;13900@stores.parfois.com, manager.13900@stores.parfois.com;ESP;SI
P21S/05852;PARFOIS - SPAIN, Valladolid, ECI Valladolid Constitución, C/ de la Constitución, 2 (4702);26/10/2021;;;2; PARFOIS - Dismoda -comercio Y Distribucion Sl  ;Abierto;TP1;General;Fran Ullod - Optima Retail;Principal;628889652;4702@stores.parfois.com, manager.4702@stores.parfois.com;ESP;SI
P21S/05631;PARFOIS - SPAIN, Valladolid, ECI Valladolid Zorrilla, Paseo de Zorrilla, 130 (1857);22/10/2021;;;2; PARFOIS - Dismoda -comercio Y Distribucion Sl  ;Abierto;TP1;General;Fran Ullod - Optima Retail;Principal;608540762;1857@stores.parfois.com, manager.1857@stores.parfois.com;ESP;SI
P21S/05518;PARFOIS - SPAIN, Valladolid, Santiago, C/ de Santiago, 24 (1852);15/10/2021;;;2; PARFOIS - Dismoda -comercio Y Distribucion Sl  ;Abierto;TP1;General;Ariadna Toquero - Optima Retail (EQ7);Principal;620484888;1852@stores.parfois.com, manager.1852@stores.parfois.com;ESP;SI
P21S/05800;PARFOIS - SPAIN, Vigo, CC Gran Vía, C/ Miradoiro, 2 (7503);25/10/2021;;;2; PARFOIS - Dismoda -comercio Y Distribucion Sl  ;Abierto;TP1;General;Ariadna Toquero - Optima Retail (EQ7);Principal;628683059;7503@stores.parfois.com, manager.7503@stores.parfois.com;ESP;SI
P21S/05843;PARFOIS - SPAIN, Vitoria, Calle Dato, C/ Eduardo Dato,2 (1803);26/10/2021;;;2; PARFOIS - Dismoda -comercio Y Distribucion Sl  ;Abierto;TP1;General;Fran Ullod - Optima Retail;Principal;628224821;1803@stores.parfois.com, manager.1803@stores.parfois.com;ESP;SI
P21S/05285;PARFOIS - SPAIN, Vitoria, CC Boulevard, C/ Zaramaga,1 (1782);30/08/2021;;;2; PARFOIS - Dismoda -comercio Y Distribucion Sl  ;Abierto;TP1;General;Fran Ullod - Optima Retail;Principal;619517480;1782@stores.parfois.com, manager.1782@stores.parfois.com;ESP;SI
P21S/05626;PARFOIS - SPAIN, Vitoria, ECI Vitoria, C/ la Paz, 2 (3100);22/10/2021;;;2; PARFOIS - Dismoda -comercio Y Distribucion Sl  ;Abierto;TP1;General;Fran Ullod - Optima Retail;Principal;618425488;3100@stores.parfois.com, manager.3100@stores.parfois.com;ESP;SI
P21S/05218;PARFOIS - SPAIN, Zaragoza, CC Gran Casa, C/ Maria Zambrano 35 (1870);16/08/2021;;;5; PARFOIS - Dismoda -comercio Y Distribucion Sl  ;Abierto;TP1;General;Fran Ullod - Optima Retail;Principal;636187473;1870@stores.parfois.com, manager.1870@stores.parfois.com;ESP;SI
P21S/05836;PARFOIS - SPAIN, Zaragoza, CC Puerto Venecia, Av. Puerto Venecia s/n (1841);26/10/2021;;;6; PARFOIS - Dismoda -comercio Y Distribucion Sl  ;Abierto;TP1;General;Fran Ullod - Optima Retail;Principal;619773126;1841@stores.parfois.com, manager.1841@stores.parfois.com;ESP;SI
P21S/05622;PARFOIS - SPAIN, Zaragoza, ECI Zaragoza Sagasta, Paseo de Sagasta, 3 (7002);22/10/2021;;;4; PARFOIS - Dismoda -comercio Y Distribucion Sl  ;Abierto;TP1;General;Fran Ullod - Optima Retail;Principal;646090719;7002@stores.parfois.com, manager.7002@stores.parfois.com;ESP;SI
P21S/05613;PARFOIS - SPAIN, Zaragoza, Independencia, Paseo de la Independencia, 29 (1824);22/10/2021;;;9; PARFOIS - Dismoda -comercio Y Distribucion Sl  ;Abierto;TP1;General;Fran Ullod - Optima Retail;Principal;681063235;1824@stores.parfois.com, manager.1824@stores.parfois.com;ESP;SI
P21S/05082;PARFOIS - SPAIN, Zaragoza, San Miguel, C/ San Miguel, 17 (16403);09/08/2021;;;8; PARFOIS - Dismoda -comercio Y Distribucion Sl  ;Abierto;TP1;General;Fran Ullod - Optima Retail;Principal;647430781;16403@stores.parfois.com, manager.16403@stores.parfois.com;ESP;SI
P21S/05306;PARFOIS- SPAIN, Barcelona, Esplugues CC Finestrelles, C/ de Laureà Miró, 20 (16379);07/09/2021;;;5; PARFOIS - Dismoda -comercio Y Distribucion Sl  ;Abierto;TP1;General;Fran Ullod - Optima Retail;Principal;637404107;16379@stores.parfois.com, manager.16379@stores.parfois.com;ESP;SI
P21S/05423;PARFOIS- SPAIN, Jaén, Andújar, C/ Ollerías, 25 (16294);28/09/2021;;;1; PARFOIS - Dismoda -comercio Y Distribucion Sl  ;Abierto;TP1;General;Fran Ullod - Optima Retail;Principal;637476786;16294@stores.parfois.com, manager.16294@stores.parfois.com;ESP;SI
P21S/05193;PARFOIS -SPAIN, Pamplona, Carlos III, C/ Carlos III 17 (9101);13/08/2021;;;1; PARFOIS - Dismoda -comercio Y Distribucion Sl  ;Abierto;TP1;General;Fran Ullod - Optima Retail;Principal;618042537;manager.9101@stores.parfois.com;ESP;SI
P21S/05190;PARFOIS-SPAIN, Barcelona, CC Baricentro, Ctra. Nacional, 150 km 6,7 (16540);13/08/2021;;;1; PARFOIS - Dismoda -comercio Y Distribucion Sl  ;Abierto;TP1;General;Fran Ullod - Optima Retail;Principal;637440015;16540@stores.parfois.com, manager.16540@stores.parfois.com;ESP;SI
P21S/05219;PARFOIS-SPAIN, Barcelona, Vilanova i la Geltrú, Rambla Principal, 53 (16519);16/08/2021;;;1; PARFOIS - Dismoda -comercio Y Distribucion Sl  ;Abierto;TP1;General;Fran Ullod - Optima Retail;Principal;647490145;16519@stores.parfois.com, manager.16519@stores.parfois.com;ESP;SI
P21S/05216;PARFOIS-SPAIN, Cádiz, Columela, C/ Columela 12, PB (1780);16/08/2021;;;5; PARFOIS - Dismoda -comercio Y Distribucion Sl  ;Abierto;TP1;General;Fran Ullod - Optima Retail;Principal;648694798;1780@stores.parfois.com, manager.1780@stores.parfois.com;ESP;SI
P21S/05274;PARFOIS-SPAIN, Logroño, CC Berceo, C/ Lérida, s/n (9300);26/08/2021;;;9; PARFOIS - Dismoda -comercio Y Distribucion Sl  ;Abierto;TP1;General;Fran Ullod - Optima Retail;Principal;636070447;9300@stores.parfois.com, manager.9300@stores.parfois.com;ESP;SI
P21S/03355;TOUS - SPAIN, Madrid, Gran Vía, 38 (T049);18/03/2021;;;1;JOYERIA TOUS SA;Abierto;TP1;General;Fran Ullod - Optima Retail;Principal;915 213 616;granviamadrid@tous.com;ESP;SI
